player_id,nickname,country,is_banned,points,photo,social_yt,social_tiwtch,info
9999,test,world,FALSE,0.00,https://i.postimg.cc/8C4XBYLT/Bez-nazvania170-20260713223200.png,,,"- пока тут нет никакой информации, известно только то, что мальчик топ 1 гей -"
10003,test03,ru,FALSE,0.12,https://i.postimg.cc/8C4XBYLT/Bez-nazvania170-20260713223200.png,,,"- пока тут нет никакой информации, известно только то, что мальчик топ 1 гей -"
10001,hertzogen,SPB,FALSE,0.00,https://i.postimg.cc/8C4XBYLT/Bez-nazvania170-20260713223200.png,,,"- пока тут нет никакой информации, известно только то, что мальчик топ 1 гей -"
10000,admin,ru,FALSE,0.00,https://i.postimg.cc/5tgKqr84/Bez-nazvania170-20260713223129.png,,,"- пока тут нет никакой информации, известно только то, что мальчик топ 2 гей -"
10002,test02,ru,FALSE,5.09,https://i.postimg.cc/nzZZMNpQ/Bez-nazvania170-20260713221506.png,,,"- пока тут нет никакой информации, известно только то, что мальчик топ 2 гей -"
10004,test04,SPB,FALSE,0.00,https://i.postimg.cc/8C4XBYLT/Bez-nazvania170-20260713223200.png,,,"- пока тут нет никакой информации, известно только то, что мальчик топ 2 гей -"
10035,Zen00nGD,RU,FALSE,0.00,https://i.postimg.cc/wB24crD6/Bez-nazvania170-20260713223113.png,,,"- пока тут нет никакой информации, известно только то, что мальчик топ 1 гей -"
10034,Abobir,SPB,FALSE,0.00,https://i.postimg.cc/5tgKqr84/Bez-nazvania170-20260713223129.png,,,"- пока тут нет никакой информации, известно только то, что мальчик топ 2 гей -"
10033,Titan Channel,UA,FALSE,0.00,https://i.postimg.cc/wB24crD6/Bez-nazvania170-20260713223113.png,,,"- пока тут нет никакой информации, известно только то, что мальчик топ 1 гей -"
13502,wPopoff,us,false,17643.43,images/profiles/Bez13502.png,,,- информация ещё не была добавлена -
16498,Zoink,us,false,22176.46,images/profiles/Bez16498.png,,,- информация ещё не была добавлена -
14557,CuatrocientosYT,es,false,3701.48,images/profiles/Bez14557.png,,,- информация ещё не была добавлена -
17030,ad3usgmd,ru,false,1323.28,images/profiles/Bez17030.png,,,- информация ещё не была добавлена -
14541,eastshark,es,false,8084.45,images/profiles/Bez14541.png,,,- информация ещё не была добавлена -
22114,Bacon,kz,false,4891.90,images/profiles/Bez22114.png,,,- информация ещё не была добавлена -
14544,Hqmy,us,false,4832.36,images/profiles/Bez14544.png,,,- информация ещё не была добавлена -
13508,w3rty,ru,false,7525.97,images/profiles/Bez13508.png,,,- информация ещё не была добавлена -
14430,Cursed,gb,false,3830.53,images/profiles/Bez14430.png,,,- информация ещё не была добавлена -
14457,zoe,us,false,2047.38,images/profiles/Bez14457.png,,,- информация ещё не была добавлена -
13503,Taiago,pt,false,6026.17,images/profiles/Bez13503.png,,,- информация ещё не была добавлена -
14549,Whizkid05,gb,false,4129.68,images/profiles/Bez14549.png,,,- информация ещё не была добавлена -
18245,seels,us,false,747.59,images/profiles/Bez18245.png,,,- информация ещё не была добавлена -
13661,kloone,fi,false,7655.40,images/profiles/Bez13661.png,,,- информация ещё не была добавлена -
16497,PersonHuman42,au,false,2633.21,images/profiles/Bez16497.png,,,- информация ещё не была добавлена -
14103,Demishio,jp,false,401.83,images/profiles/Bez14103.png,,,- информация ещё не была добавлена -
15791,DiamondSplash,us,false,1576.14,images/profiles/Bez15791.png,,,- информация ещё не была добавлена -
14485,PoCle,kr,false,5181.96,images/profiles/Bez14485.png,,,- информация ещё не была добавлена -
14250,Zeronium,ca,false,1650.36,images/profiles/Bez14250.png,,,- информация ещё не была добавлена -
16572,Doggie,us,false,4035.54,images/profiles/Bez16572.png,,,- информация ещё не была добавлена -
15948,Lavatrex,world,false,336.00,images/profiles/Bez15948.png,,,- информация ещё не была добавлена -
41363,9i,kr,false,332.00,images/profiles/Bez41363.png,,,- информация ещё не была добавлена -
5605,maybee,by,false,973.09,images/profiles/Bez5605.png,,,- информация ещё не была добавлена -
3695,Nickname,ru,false,5961.20,images/profiles/Bez3695.png,,,- информация ещё не была добавлена -
16541,Scotchtape,us,false,1958.63,images/profiles/Bez16541.png,,,- информация ещё не была добавлена -
5578,LordVadercraft,us,false,1024.60,images/profiles/Bez5578.png,,,- информация ещё не была добавлена -
13501,Trick,us,false,11585.25,images/profiles/Bez13501.png,,,- информация ещё не была добавлена -
16571,Diamond,world,false,1645.95,images/profiles/Bez16571.png,,,- информация ещё не была добавлена -
53440,goobs47,world,false,296.00,images/profiles/Bez53440.png,,,- информация ещё не была добавлена -
20064,McCoco,fi,false,301.06,images/profiles/Bez20064.png,,,- информация ещё не была добавлена -
16084,Amplitron,us,false,360.60,images/profiles/Bez16084.png,,,- информация ещё не была добавлена -
14436,Laniakea,kr,false,4935.72,images/profiles/Bez14436.png,,,- информация ещё не была добавлена -
14236,TFIBB,us,false,2251.91,images/profiles/Bez14236.png,,,- информация ещё не была добавлена -
14491,Kyasshukodo,us,false,581.07,images/profiles/Bez14491.png,,,- информация ещё не была добавлена -
14800,Blebae,kr,false,2067.07,images/profiles/Bez14800.png,,,- информация ещё не была добавлена -
14249,Jori,us,false,700.51,images/profiles/Bez14249.png,,,- информация ещё не была добавлена -
14599,Varium,au,false,280.17,images/profiles/Bez14599.png,,,- информация ещё не была добавлена -
16567,VoTcHi,kr,false,247.78,images/profiles/Bez16567.png,,,- информация ещё не была добавлена -
15861,polterghast,world,false,404.45,images/profiles/Bez15861.png,,,- информация ещё не была добавлена -
15892,Dezstro,nz,false,1375.53,images/profiles/Bez15892.png,,,- информация ещё не была добавлена -
13458,Vorten,ru,false,8271.95,images/profiles/Bez13458.png,,,- информация ещё не была добавлена -
15854,Slithium,world,false,558.93,images/profiles/Bez15854.png,,,- информация ещё не была добавлена -
31597,Cork,world,false,160.00,images/profiles/Bez31597.png,,,- информация ещё не была добавлена -
7411,Jenath,es,false,404.38,images/profiles/Bez7411.png,,,- информация ещё не была добавлена -
14449,Tuggy,ca,false,532.07,images/profiles/Bez14449.png,,,- информация ещё не была добавлена -
14537,swiborg,gb,false,652.08,images/profiles/Bez14537.png,,,- информация ещё не была добавлена -
14238,Nexel,ca,false,4007.20,images/profiles/Bez14238.png,,,- информация ещё не была добавлена -
21426,lus,br,false,2637.40,images/profiles/Bez21426.png,,,- информация ещё не была добавлена -
14445,iIiLaSeRiIi,gb,false,4675.59,images/profiles/Bez14445.png,,,- информация ещё не была добавлена -
53437,Airi~,world,false,88.00,images/profiles/Bez53437.png,,,- информация ещё не была добавлена -
14063,BUNNYGRAM,us,false,108.49,images/profiles/Bez14063.png,,,- информация ещё не была добавлена -
5381,exsii,ru,false,859.34,images/profiles/Bez5381.png,,,- информация ещё не была добавлена -
14526,Hyperlith,us,false,418.45,images/profiles/Bez14526.png,,,- информация ещё не была добавлена -
32436,geodom,us,false,531.80,images/profiles/Bez32436.png,,,- информация ещё не была добавлена -
6416,BONN GD,ru,false,2309.91,images/profiles/Bez6416.png,,,- информация ещё не была добавлена -
14489,Gokill,pl,false,1306.48,images/profiles/Bez14489.png,,,- информация ещё не была добавлена -
14493,Victurkey,ru,false,510.67,images/profiles/Bez14493.png,,,- информация ещё не была добавлена -
14198,manu,world,false,3057.76,images/profiles/Bez14198.png,,,- информация ещё не была добавлена -
14087,Dorami,kr,false,100.54,images/profiles/Bez14087.png,,,- информация ещё не была добавлена -
14543,skzyl,us,false,2360.95,images/profiles/Bez14543.png,,,- информация ещё не была добавлена -
13708,Timo,us,false,158.99,images/profiles/Bez13708.png,,,- информация ещё не была добавлена -
14166,VxMasTeR,ro,false,2263.43,images/profiles/Bez14166.png,,,- информация ещё не была добавлена -
14522,Mariner,fi,false,1931.24,images/profiles/Bez14522.png,,,- информация ещё не была добавлена -
14444,cobrablitz,us,false,2153.28,images/profiles/Bez14444.png,,,- информация ещё не была добавлена -
29219,eviljoe,world,false,60.00,images/profiles/Bez29219.png,,,- информация ещё не была добавлена -
34208,Frice,world,false,59.00,images/profiles/Bez34208.png,,,- информация ещё не была добавлена -
13806,nei,fr,false,368.64,images/profiles/Bez13806.png,,,- информация ещё не была добавлена -
16529,Albert,us,false,3626.43,images/profiles/Bez16529.png,,,- информация ещё не была добавлена -
13833,Wain,world,false,56.00,images/profiles/Bez13833.png,,,- информация ещё не была добавлена -
14602,Sevant,ru,false,79.05,images/profiles/Bez14602.png,,,- информация ещё не была добавлена -
13739,wwdonut,us,false,605.48,images/profiles/Bez13739.png,,,- информация ещё не была добавлена -
16180,youngs6,world,false,54.27,images/profiles/Bez16180.png,,,- информация ещё не была добавлена -
14301,vonic,world,false,1188.07,images/profiles/Bez14301.png,,,- информация ещё не была добавлена -
14615,ultracauaHD,br,false,92.16,images/profiles/Bez14615.png,,,- информация ещё не была добавлена -
15022,spcreat,us,false,67.18,images/profiles/Bez15022.png,,,- информация ещё не была добавлена -
14552,Xanii,pt,false,206.05,images/profiles/Bez14552.png,,,- информация ещё не была добавлена -
14462,turtle,ca,false,5396.12,images/profiles/Bez14462.png,,,- информация ещё не была добавлена -
15788,Helix,us,false,890.26,images/profiles/Bez15788.png,,,- информация ещё не была добавлена -
3702,fusion425,us,false,2518.18,images/profiles/Bez3702.png,,,- информация ещё не была добавлена -
14374,Dolphy,ru,false,922.62,images/profiles/Bez14374.png,,,- информация ещё не была добавлена -
53003,destr,world,false,35.00,images/profiles/Bez53003.png,,,- информация ещё не была добавлена -
14178,vulcanium4,de,false,84.65,images/profiles/Bez14178.png,,,- информация ещё не была добавлена -
18454,zLevii,nz,false,9517.11,images/profiles/Bez18454.png,,,- информация ещё не была добавлена -
13962,Bigthunder556,us,false,2433.97,images/profiles/Bez13962.png,,,- информация ещё не была добавлена -
14941,ALiveWizard,world,false,31.89,images/profiles/Bez14941.png,,,- информация ещё не была добавлена -
31833,ZaZaGD,world,false,29.68,images/profiles/Bez31833.png,,,- информация ещё не была добавлена -
15858,nSwish,us,false,313.10,images/profiles/Bez15858.png,,,- информация ещё не была добавлена -
13697,Nisha,kr,false,44.03,images/profiles/Bez13697.png,,,- информация ещё не была добавлена -
15196,D a G,us,false,37.67,images/profiles/Bez15196.png,,,- информация ещё не была добавлена -
14533,Dice88,us,false,845.21,images/profiles/Bez14533.png,,,- информация ещё не была добавлена -
21332,NoctaXI,world,false,24.00,images/profiles/Bez21332.png,,,- информация ещё не была добавлена -
14223,Johnlikesdiamond,us,false,3581.24,images/profiles/Bez14223.png,,,- информация ещё не была добавлена -
14470,Kandai,de,false,468.83,images/profiles/Bez14470.png,,,- информация ещё не была добавлена -
14452,Cookie,us,false,5925.05,images/profiles/Bez14452.png,,,- информация ещё не была добавлена -
14438,Breakcore,world,false,2489.36,images/profiles/Bez14438.png,,,- информация ещё не была добавлена -
14455,Baeru,kr,false,764.27,images/profiles/Bez14455.png,,,- информация ещё не была добавлена -
15741,hstorm,us,false,2260.04,images/profiles/Bez15741.png,,,- информация ещё не была добавлена -
16496,ViperVenom95,au,false,3409.89,images/profiles/Bez16496.png,,,- информация ещё не была добавлена -
35866,hazelmrow,world,false,12.00,images/profiles/Bez35866.png,,,- информация ещё не была добавлена -
14229,vaen,us,false,224.76,images/profiles/Bez14229.png,,,- информация ещё не была добавлена -
29750,Xplode09,world,false,10.54,images/profiles/Bez29750.png,,,- информация ещё не была добавлена -
14248,npesta,us,false,194.54,images/profiles/Bez14248.png,,,- информация ещё не была добавлена -
3693,dollarolla,world,false,369.27,images/profiles/Bez3693.png,,,- информация ещё не была добавлена -
14540,Goanga,ro,false,1161.02,images/profiles/Bez14540.png,,,- информация ещё не была добавлена -
16534,DNM121,kr,false,1667.83,images/profiles/Bez16534.png,,,- информация ещё не была добавлена -
13963,Hipo,world,false,2052.27,images/profiles/Bez13963.png,,,- информация ещё не была добавлена -
21431,Karmakaze,pt,false,2270.37,images/profiles/Bez21431.png,,,- информация ещё не была добавлена -
15855,AeonAir,world,false,87.22,images/profiles/Bez15855.png,,,- информация ещё не была добавлена -
34207,Elinore,world,false,4.60,images/profiles/Bez34207.png,,,- информация ещё не была добавлена -
16163,teraaa,kz,false,3569.93,images/profiles/Bez16163.png,,,- информация ещё не была добавлена -
15085,razsta4ax,world,false,16.72,images/profiles/Bez15085.png,,,- информация ещё не была добавлена -
5785,SaturMan,ru,false,45.16,images/profiles/Bez5785.png,,,- информация ещё не была добавлена -
22021,Sangalchi,world,false,5.14,images/profiles/Bez22021.png,,,- информация ещё не была добавлена -
3655,WatchPiggy,us,false,26.05,images/profiles/Bez3655.png,,,- информация ещё не была добавлена -
14225,Technical,us,false,966.01,images/profiles/Bez14225.png,,,- информация ещё не была добавлена -
3696,zSquidKnight,us,false,151.60,images/profiles/Bez3696.png,,,- информация ещё не была добавлена -
17287,Zytrox,world,false,3.80,images/profiles/Bez17287.png,,,- информация ещё не была добавлена -
29170,bnuuy,gb,false,3.80,images/profiles/Bez29170.png,,,- информация ещё не была добавлена -
35674,trenbabypaleo,world,false,3.80,images/profiles/Bez35674.png,,,- информация ещё не была добавлена -
19694,kbar66,world,false,3.80,images/profiles/Bez19694.png,,,- информация ещё не была добавлена -
14528,TheNixuzGD200,world,false,126.30,images/profiles/Bez14528.png,,,- информация ещё не была добавлена -
47165,sock,world,false,3.80,images/profiles/Bez47165.png,,,- информация ещё не была добавлена -
13507,Arshadow,ru,false,3457.43,images/profiles/Bez13507.png,,,- информация ещё не была добавлена -
13711,BrianTheBurger,us,false,178.86,images/profiles/Bez13711.png,,,- информация ещё не была добавлена -
14488,Crisis,world,false,561.62,images/profiles/Bez14488.png,,,- информация ещё не была добавлена -
6103,Slaughter,ca,false,5769.27,images/profiles/Bez6103.png,,,- информация ещё не была добавлена -
15023,Blitzer,us,false,18.77,images/profiles/Bez15023.png,,,- информация ещё не была добавлена -
13459,s3batr0nic,ca,false,256.32,images/profiles/Bez13459.png,,,- информация ещё не была добавлена -
14727,Atomic,us,false,19.78,images/profiles/Bez14727.png,,,- информация ещё не была добавлена -
14309,Kapinapi,pl,false,40.71,images/profiles/Bez14309.png,,,- информация ещё не была добавлена -
14495,RicoLP,at,false,688.88,images/profiles/Bez14495.png,,,- информация ещё не была добавлена -
14146,crazen,us,false,86.72,images/profiles/Bez14146.png,,,- информация ещё не была добавлена -
7377,Sigma,world,false,3.00,images/profiles/Bez7377.png,,,- информация ещё не была добавлена -
14053,Lia,gb,false,22.12,images/profiles/Bez14053.png,,,- информация ещё не была добавлена -
13759,rori,world,false,102.13,images/profiles/Bez13759.png,,,- информация ещё не была добавлена -
5442,ItzTayfun,world,false,500.37,images/profiles/Bez5442.png,,,- информация ещё не была добавлена -
15870,Dorvict,world,false,55.52,images/profiles/Bez15870.png,,,- информация ещё не была добавлена -
13781,SwordBx,world,false,2.88,images/profiles/Bez13781.png,,,- информация ещё не была добавлена -
3726,BrowarKedawar,pl,false,60.79,images/profiles/Bez3726.png,,,- информация ещё не была добавлена -
14102,rWooshi,us,false,21.61,images/profiles/Bez14102.png,,,- информация ещё не была добавлена -
10988,Popsi,world,false,7.64,images/profiles/Bez10988.png,,,- информация ещё не была добавлена -
14179,Franzy,world,false,2103.45,images/profiles/Bez14179.png,,,- информация ещё не была добавлена -
15191,rose,fr,false,226.68,images/profiles/Bez15191.png,,,- информация ещё не была добавлена -
16554,IcaroX,kr,false,976.07,images/profiles/Bez16554.png,,,- информация ещё не была добавлена -
19695,Surpl3x,world,false,2.20,images/profiles/Bez19695.png,,,- информация ещё не была добавлена -
14294,Gzeee,us,false,7.18,images/profiles/Bez14294.png,,,- информация ещё не была добавлена -
14575,joeingly,us,false,94.63,images/profiles/Bez14575.png,,,- информация ещё не была добавлена -
15597,Spamdrew128,us,false,23.58,images/profiles/Bez15597.png,,,- информация ещё не была добавлена -
14434,DoSh7t,world,false,1006.30,images/profiles/Bez14434.png,,,- информация ещё не была добавлена -
14172,Keir,us,false,123.69,images/profiles/Bez14172.png,,,- информация ещё не была добавлена -
28438,DijonGD,world,false,204.00,images/profiles/Bez28438.png,,,- информация ещё не была добавлена -
14240,Dan2D,us,false,250.75,images/profiles/Bez14240.png,,,- информация ещё не была добавлена -
14224,Washed,us,false,82.42,images/profiles/Bez14224.png,,,- информация ещё не была добавлена -
27257,TheBigCheese69,world,false,1.40,images/profiles/Bez27257.png,,,- информация ещё не была добавлена -
14614,SpeedyMuffin,us,false,75.45,images/profiles/Bez14614.png,,,- информация ещё не была добавлена -
14627,WSCKR,us,false,87.61,images/profiles/Bez14627.png,,,- информация ещё не была добавлена -
3560,Astrala,world,false,11.37,images/profiles/Bez3560.png,,,- информация ещё не была добавлена -
19116,Waterbound,world,false,1.76,images/profiles/Bez19116.png,,,- информация ещё не была добавлена -
14771,kiseta,us,false,104.54,images/profiles/Bez14771.png,,,- информация ещё не была добавлена -
14556,LuigiDB,ca,false,189.51,images/profiles/Bez14556.png,,,- информация ещё не была добавлена -
14579,TGM05,fr,false,98.54,images/profiles/Bez14579.png,,,- информация ещё не была добавлена -
16262,vortrox,world,false,2.86,images/profiles/Bez16262.png,,,- информация ещё не была добавлена -
31869,Sh4dowsn4il,world,false,0.99,images/profiles/Bez31869.png,,,- информация ещё не была добавлена -
14234,RG,ca,false,1113.40,images/profiles/Bez14234.png,,,- информация ещё не была добавлена -
31109,Memo,world,false,1.00,images/profiles/Bez31109.png,,,- информация ещё не была добавлена -
14184,Comlayze,ca,false,83.40,images/profiles/Bez14184.png,,,- информация ещё не была добавлена -
13733,Tyson,au,false,445.37,images/profiles/Bez13733.png,,,- информация ещё не была добавлена -
15200,Voltren,world,false,4.17,images/profiles/Bez15200.png,,,- информация ещё не была добавлена -
25791,Syrcx,world,false,3477.71,images/profiles/Bez25791.png,,,- информация ещё не была добавлена -
14974,knobbelboy,nl,false,5.13,images/profiles/Bez14974.png,,,- информация ещё не была добавлена -
14094,MiniShoey,au,false,21.93,images/profiles/Bez14094.png,,,- информация ещё не была добавлена -
14245,Magmeta,us,false,129.88,images/profiles/Bez14245.png,,,- информация ещё не была добавлена -
47166,Fluxit,world,false,0.98,images/profiles/Bez47166.png,,,- информация ещё не была добавлена -
14124,Floofle,us,false,21.73,images/profiles/Bez14124.png,,,- информация ещё не была добавлена -
14558,Luqualizer,us,false,212.16,images/profiles/Bez14558.png,,,- информация ещё не была добавлена -
14547,theworldofme,us,false,1658.90,images/profiles/Bez14547.png,,,- информация ещё не была добавлена -
16545,Laurendi,world,false,82.78,images/profiles/Bez16545.png,,,- информация ещё не была добавлена -
14612,vinny,us,false,30.52,images/profiles/Bez14612.png,,,- информация ещё не была добавлена -
15857,kyoto,gb,false,195.82,images/profiles/Bez15857.png,,,- информация ещё не была добавлена -
14411,wadur,us,false,42.96,images/profiles/Bez14411.png,,,- информация ещё не была добавлена -
14730,Kotamon,us,false,29.87,images/profiles/Bez14730.png,,,- информация ещё не была добавлена -
5227,SpirteX,ru,false,719.38,images/profiles/Bez5227.png,,,- информация ещё не была добавлена -
14620,VARSE,us,false,13.70,images/profiles/Bez14620.png,,,- информация ещё не была добавлена -
14176,SrGuillester,es,false,51.22,images/profiles/Bez14176.png,,,- информация ещё не была добавлена -
14221,Skycrab,world,false,364.71,images/profiles/Bez14221.png,,,- информация ещё не была добавлена -
14372,Slijee,ca,false,685.73,images/profiles/Bez14372.png,,,- информация ещё не была добавлена -
25790,ignDoom,world,false,0.97,images/profiles/Bez25790.png,,,- информация ещё не была добавлена -
14472,DraxitIII,fr,false,951.01,images/profiles/Bez14472.png,,,- информация ещё не была добавлена -
15667,Slayer,es,false,33.70,images/profiles/Bez15667.png,,,- информация ещё не была добавлена -
14716,Magilex,world,false,17.97,images/profiles/Bez14716.png,,,- информация ещё не была добавлена -
14465,Swooker,world,false,586.33,images/profiles/Bez14465.png,,,- информация ещё не была добавлена -
14553,Jif,us,false,97.13,images/profiles/Bez14553.png,,,- информация ещё не была добавлена -
14831,Gablor,us,false,10.39,images/profiles/Bez14831.png,,,- информация ещё не была добавлена -
15255,Xavereth,world,false,3.00,images/profiles/Bez15255.png,,,- информация ещё не была добавлена -
14302,GDClutter,kr,false,15.76,images/profiles/Bez14302.png,,,- информация ещё не была добавлена -
28494,KatsharkyAuyn,world,false,0.96,images/profiles/Bez28494.png,,,- информация ещё не была добавлена -
14524,JesseGamingGD,nl,false,4467.94,images/profiles/Bez14524.png,,,- информация ещё не была добавлена -
14061,Metalface221,de,false,21.84,images/profiles/Bez14061.png,,,- информация ещё не была добавлена -
15101,Acratic,us,false,6.86,images/profiles/Bez15101.png,,,- информация ещё не была добавлена -
16499,Seturan,kr,false,3423.28,images/profiles/Bez16499.png,,,- информация ещё не была добавлена -
13462,Bleamer,ru,false,521.19,images/profiles/Bez13462.png,,,- информация ещё не была добавлена -
17648,Falloostic,world,false,0.95,images/profiles/Bez17648.png,,,- информация ещё не была добавлена -
25789,pashai,world,false,0.95,images/profiles/Bez25789.png,,,- информация ещё не была добавлена -
14466,ProudGiraffe311,us,false,3727.77,images/profiles/Bez14466.png,,,- информация ещё не была добавлена -
21695,Antiprime,world,false,0.95,images/profiles/Bez21695.png,,,- информация ещё не была добавлена -
15150,ZeusGD,world,false,1.89,images/profiles/Bez15150.png,,,- информация ещё не была добавлена -
25787,raingmd,world,false,0.95,images/profiles/Bez25787.png,,,- информация ещё не была добавлена -
14237,JakeEP,gb,false,250.54,images/profiles/Bez14237.png,,,- информация ещё не была добавлена -
14531,Surrounded,gb,false,1532.13,images/profiles/Bez14531.png,,,- информация ещё не была добавлена -
16538,khrizmass,ru,false,47.11,images/profiles/Bez16538.png,,,- информация ещё не была добавлена -
15265,Smokes,world,false,3.42,images/profiles/Bez15265.png,,,- информация ещё не была добавлена -
31868,5ifty7even,world,false,0.94,images/profiles/Bez31868.png,,,- информация ещё не была добавлена -
16556,mac,world,false,73.22,images/profiles/Bez16556.png,,,- информация ещё не была добавлена -
14189,NLShorty,ca,false,768.48,images/profiles/Bez14189.png,,,- информация ещё не была добавлена -
14303,GMDElite,world,false,16.98,images/profiles/Bez14303.png,,,- информация ещё не была добавлена -
23091,lazerezal,world,false,0.93,images/profiles/Bez23091.png,,,- информация ещё не была добавлена -
13736,Wolvez,world,false,419.42,images/profiles/Bez13736.png,,,- информация ещё не была добавлена -
21331,GMD xeox,world,false,0.93,images/profiles/Bez21331.png,,,- информация ещё не была добавлена -
13790,Temp,kr,false,21.27,images/profiles/Bez13790.png,,,- информация ещё не была добавлена -
16267,XavT,world,false,2.44,images/profiles/Bez16267.png,,,- информация ещё не была добавлена -
14607,Kurumi,de,false,98.65,images/profiles/Bez14607.png,,,- информация ещё не была добавлена -
14333,saturn,us,false,52.54,images/profiles/Bez14333.png,,,- информация ещё не была добавлена -
15865,Swib,world,false,30.18,images/profiles/Bez15865.png,,,- информация ещё не была добавлена -
31384,Tueml,world,false,0.92,images/profiles/Bez31384.png,,,- информация ещё не была добавлена -
5531,Denni,ru,false,1816.57,images/profiles/Bez5531.png,,,- информация ещё не была добавлена -
878,Blankb,world,false,71.92,images/profiles/Bez878.png,,,- информация ещё не была добавлена -
14502,Maxis044,world,false,2.72,images/profiles/Bez14502.png,,,- информация ещё не была добавлена -
15943,Colorbolt,us,false,36.08,images/profiles/Bez15943.png,,,- информация ещё не была добавлена -
14454,Zachiechan,kr,false,22.34,images/profiles/Bez14454.png,,,- информация ещё не была добавлена -
3666,Sunix,world,false,46.87,images/profiles/Bez3666.png,,,- информация ещё не была добавлена -
13693,Johnfree,world,false,49.20,images/profiles/Bez13693.png,,,- информация ещё не была добавлена -
15976,Zipi,us,false,32.56,images/profiles/Bez15976.png,,,- информация ещё не была добавлена -
14016,Zylenox,us,false,4.18,images/profiles/Bez14016.png,,,- информация ещё не была добавлена -
14254,Bosonic,us,false,104.70,images/profiles/Bez14254.png,,,- информация ещё не была добавлена -
31866,spoonGD,world,false,0.91,images/profiles/Bez31866.png,,,- информация ещё не была добавлена -
14106,kovosrutek,world,false,135.81,images/profiles/Bez14106.png,,,- информация ещё не была добавлена -
14559,bims,de,false,1525.85,images/profiles/Bez14559.png,,,- информация ещё не была добавлена -
14717,Ozzy,us,false,10.75,images/profiles/Bez14717.png,,,- информация ещё не была добавлена -
31383,Lzof,world,false,0.91,images/profiles/Bez31383.png,,,- информация ещё не была добавлена -
14228,Nimbus,us,false,64.38,images/profiles/Bez14228.png,,,- информация ещё не была добавлена -
5608,SardinaGD,ru,false,436.12,images/profiles/Bez5608.png,,,- информация ещё не была добавлена -
29791,Divina,world,false,0.91,images/profiles/Bez29791.png,,,- информация ещё не была добавлена -
13668,Lucidium,ca,false,426.79,images/profiles/Bez13668.png,,,- информация ещё не была добавлена -
14243,JHDash77,fi,false,122.13,images/profiles/Bez14243.png,,,- информация ещё не была добавлена -
20115,iIPrototypeIi,world,false,0.90,images/profiles/Bez20115.png,,,- информация ещё не была добавлена -
15344,DreamZoneGD,world,false,1.98,images/profiles/Bez15344.png,,,- информация ещё не была добавлена -
7215,qAz123,ru,false,152.28,images/profiles/Bez7215.png,,,- информация ещё не была добавлена -
14514,Bibu,de,false,336.98,images/profiles/Bez14514.png,,,- информация ещё не была добавлена -
14814,VaporWubz,us,false,9.52,images/profiles/Bez14814.png,,,- информация ещё не была добавлена -
15021,Cersia,us,false,23.62,images/profiles/Bez15021.png,,,- информация ещё не была добавлена -
15345,L4TeZk,world,false,2.06,images/profiles/Bez15345.png,,,- информация ещё не была добавлена -
5882,fakeblast,br,false,56.51,images/profiles/Bez5882.png,,,- информация ещё не была добавлена -
13964,Yossarian,us,false,26.57,images/profiles/Bez13964.png,,,- информация ещё не была добавлена -
7741,Xander,world,false,12.85,images/profiles/Bez7741.png,,,- информация ещё не была добавлена -
14251,Allex,ru,false,101.60,images/profiles/Bez14251.png,,,- информация ещё не была добавлена -
14792,Zagros,us,false,26.61,images/profiles/Bez14792.png,,,- информация ещё не была добавлена -
13808,Plus,ru,false,63.49,images/profiles/Bez13808.png,,,- информация ещё не была добавлена -
15007,BreadDemon,world,false,7.15,images/profiles/Bez15007.png,,,- информация ещё не была добавлена -
15460,royen,world,false,5.31,images/profiles/Bez15460.png,,,- информация ещё не была добавлена -
5898,Jtarin,es,false,17.53,images/profiles/Bez5898.png,,,- информация ещё не была добавлена -
14118,DreamLight,us,false,5.87,images/profiles/Bez14118.png,,,- информация ещё не была добавлена -
16041,Plusxenon,kr,false,3.93,images/profiles/Bez16041.png,,,- информация ещё не была добавлена -
19309,Raqoo,ru,false,14.38,images/profiles/Bez19309.png,,,- информация ещё не была добавлена -
14781,nac,us,false,22.76,images/profiles/Bez14781.png,,,- информация ещё не была добавлена -
14285,MrSpaghetti,fr,false,53.07,images/profiles/Bez14285.png,,,- информация ещё не была добавлена -
14874,Meatius,world,false,19.50,images/profiles/Bez14874.png,,,- информация ещё не была добавлена -
13470,luxer,world,false,195.79,images/profiles/Bez13470.png,,,- информация ещё не была добавлена -
15953,MinYong,kr,false,81.13,images/profiles/Bez15953.png,,,- информация ещё не была добавлена -
18938,RG18,world,false,0.88,images/profiles/Bez18938.png,,,- информация ещё не была добавлена -
14833,Moosh,us,false,17.71,images/profiles/Bez14833.png,,,- информация ещё не была добавлена -
14778,Zephal,world,false,19.98,images/profiles/Bez14778.png,,,- информация ещё не была добавлена -
15346,cxn,world,false,1.56,images/profiles/Bez15346.png,,,- информация ещё не была добавлена -
27453,goldorbGMD,ru,false,3.52,images/profiles/Bez27453.png,,,- информация ещё не была добавлена -
15290,MrDash,world,false,3.94,images/profiles/Bez15290.png,,,- информация ещё не была добавлена -
14718,Rainstorm,kr,false,62.27,images/profiles/Bez14718.png,,,- информация ещё не была добавлена -
15684,TGI,us,false,4.64,images/profiles/Bez15684.png,,,- информация ещё не была добавлена -
15195,GMDomy,world,false,18.33,images/profiles/Bez15195.png,,,- информация ещё не была добавлена -
14244,Fenix,us,false,91.28,images/profiles/Bez14244.png,,,- информация ещё не была добавлена -
13834,Gelforce,us,false,90.27,images/profiles/Bez13834.png,,,- информация ещё не была добавлена -
14220,Vikings,us,false,2647.10,images/profiles/Bez14220.png,,,- информация ещё не была добавлена -
14046,KrmaL,us,false,7.51,images/profiles/Bez14046.png,,,- информация ещё не была добавлена -
13681,Mullsy,ca,false,68.44,images/profiles/Bez13681.png,,,- информация ещё не была добавлена -
25084,Yerylik,world,false,0.85,images/profiles/Bez25084.png,,,- информация ещё не была добавлена -
8986,CryoFox,ru,false,2.73,images/profiles/Bez8986.png,,,- информация ещё не была добавлена -
14652,Matter,us,false,43.17,images/profiles/Bez14652.png,,,- информация ещё не была добавлена -
6753,DeviOG,world,false,0.85,images/profiles/Bez6753.png,,,- информация ещё не была добавлена -
15347,xHeiDax,world,false,0.85,images/profiles/Bez15347.png,,,- информация ещё не была добавлена -
15454,Skipper,nl,false,4.57,images/profiles/Bez15454.png,,,- информация ещё не была добавлена -
27054,Limestone,us,false,1.26,images/profiles/Bez27054.png,,,- информация ещё не была добавлена -
14848,RevoltZy,us,false,6.51,images/profiles/Bez14848.png,,,- информация ещё не была добавлена -
21163,frski,world,false,20.09,images/profiles/Bez21163.png,,,- информация ещё не была добавлена -
18272,BIGMAC77,world,false,0.85,images/profiles/Bez18272.png,,,- информация ещё не была добавлена -
12,NotHeco,fr,false,146.57,images/profiles/Bez12.png,,,- информация ещё не была добавлена -
14761,Prolix,us,false,9.86,images/profiles/Bez14761.png,,,- информация ещё не была добавлена -
25083,Laughingg,world,false,0.84,images/profiles/Bez25083.png,,,- информация ещё не была добавлена -
25783,wd,world,false,0.85,images/profiles/Bez25783.png,,,- информация ещё не была добавлена -
14494,DTDom,world,false,455.88,images/profiles/Bez14494.png,,,- информация ещё не была добавлена -
14464,LaserGD,es,false,487.94,images/profiles/Bez14464.png,,,- информация ещё не была добавлена -
16254,Deactive,world,false,0.84,images/profiles/Bez16254.png,,,- информация ещё не была добавлена -
15500,Mix991,world,false,6.11,images/profiles/Bez15500.png,,,- информация ещё не была добавлена -
16255,Edouardott,world,false,0.84,images/profiles/Bez16255.png,,,- информация ещё не была добавлена -
14973,BoldStep,nz,false,18.93,images/profiles/Bez14973.png,,,- информация ещё не была добавлена -
16648,Galaxxyss,world,false,0.83,images/profiles/Bez16648.png,,,- информация ещё не была добавлена -
16258,Dark Angel,world,false,0.83,images/profiles/Bez16258.png,,,- информация ещё не была добавлена -
15326,YakobNugget,world,false,5.70,images/profiles/Bez15326.png,,,- информация ещё не была добавлена -
14191,Teno,de,false,898.21,images/profiles/Bez14191.png,,,- информация ещё не была добавлена -
14450,Buter,ru,false,342.84,images/profiles/Bez14450.png,,,- информация ещё не была добавлена -
15534,crohn44,us,false,1.81,images/profiles/Bez15534.png,,,- информация ещё не была добавлена -
31864,Killdare,world,false,0.83,images/profiles/Bez31864.png,,,- информация ещё не была добавлена -
14165,JustJohn,world,false,5.92,images/profiles/Bez14165.png,,,- информация ещё не была добавлена -
18833,Kentik,pl,false,48.85,images/profiles/Bez18833.png,,,- информация ещё не была добавлена -
14440,Kaza,ro,false,4457.16,images/profiles/Bez14440.png,,,- информация ещё не была добавлена -
15438,lamp86,us,false,98.13,images/profiles/Bez15438.png,,,- информация ещё не была добавлена -
14260,Gizbro,us,false,68.70,images/profiles/Bez14260.png,,,- информация ещё не была добавлена -
14622,ArtsiBurn,fi,false,87.12,images/profiles/Bez14622.png,,,- информация ещё не была добавлена -
15457,FieRcE7,world,false,1.44,images/profiles/Bez15457.png,,,- информация ещё не была добавлена -
16491,erzor,de,false,1.20,images/profiles/Bez16491.png,,,- информация ещё не была добавлена -
15614,notlsa,world,false,2.34,images/profiles/Bez15614.png,,,- информация ещё не была добавлена -
15209,ToshDeluxe,world,false,1.37,images/profiles/Bez15209.png,,,- информация ещё не была добавлена -
31863,KOKO43,world,false,0.82,images/profiles/Bez31863.png,,,- информация ещё не была добавлена -
30652,zodycoder,world,false,0.82,images/profiles/Bez30652.png,,,- информация ещё не была добавлена -
9524,JustixGD,ru,false,8.85,images/profiles/Bez9524.png,,,- информация ещё не была добавлена -
14273,BlakeJM,us,false,24.29,images/profiles/Bez14273.png,,,- информация ещё не была добавлена -
15333,Sonic80,world,false,4.99,images/profiles/Bez15333.png,,,- информация ещё не была добавлена -
16261,Jeyzor,world,false,1.24,images/profiles/Bez16261.png,,,- информация ещё не была добавлена -
20138,EtVil,world,false,0.81,images/profiles/Bez20138.png,,,- информация ещё не была добавлена -
16568,Almohadaless,es,false,107.07,images/profiles/Bez16568.png,,,- информация ещё не была добавлена -
3604,Golden,gb,false,26.98,images/profiles/Bez3604.png,,,- информация ещё не была добавлена -
14212,Tinushi,us,false,44.65,images/profiles/Bez14212.png,,,- информация ещё не была добавлена -
18806,handsomeorange,world,false,0.80,images/profiles/Bez18806.png,,,- информация ещё не была добавлена -
14051,Fabricorn,us,false,61.14,images/profiles/Bez14051.png,,,- информация ещё не была добавлена -
14562,Brumik,world,false,1747.53,images/profiles/Bez14562.png,,,- информация ещё не была добавлена -
14827,Extravagon,nz,false,31.01,images/profiles/Bez14827.png,,,- информация ещё не была добавлена -
16259,Vlacc,world,false,1.21,images/profiles/Bez16259.png,,,- информация ещё не была добавлена -
14461,Litoks,fr,false,1472.96,images/profiles/Bez14461.png,,,- информация ещё не была добавлена -
15970,Floppy,world,false,3.84,images/profiles/Bez15970.png,,,- информация ещё не была добавлена -
13467,latko,world,false,2.22,images/profiles/Bez13467.png,,,- информация ещё не была добавлена -
16260,Sillow,world,false,1.78,images/profiles/Bez16260.png,,,- информация ещё не была добавлена -
14751,Noxop,fr,false,16.99,images/profiles/Bez14751.png,,,- информация ещё не была добавлена -
14312,Enzeux,br,false,62.33,images/profiles/Bez14312.png,,,- информация ещё не была добавлена -
14871,CaustiX,vn,false,9.52,images/profiles/Bez14871.png,,,- информация ещё не была добавлена -
14144,combi,de,false,40.72,images/profiles/Bez14144.png,,,- информация ещё не была добавлена -
14847,crumche,us,false,14.39,images/profiles/Bez14847.png,,,- информация ещё не была добавлена -
20140,JMG3121,world,false,0.79,images/profiles/Bez20140.png,,,- информация ещё не была добавлена -
16302,snowkeo,world,false,2.26,images/profiles/Bez16302.png,,,- информация ещё не была добавлена -
14722,5shine,us,false,43.05,images/profiles/Bez14722.png,,,- информация ещё не была добавлена -
14028,xJuan98,es,false,49.86,images/profiles/Bez14028.png,,,- информация ещё не была добавлена -
14139,Hasik,pl,false,39.33,images/profiles/Bez14139.png,,,- информация ещё не была добавлена -
21427,LuckyL4,us,false,2745.79,images/profiles/Bez21427.png,,,- информация ещё не была добавлена -
16653,LLoom,world,false,0.78,images/profiles/Bez16653.png,,,- информация ещё не была добавлена -
20066,qalli,world,false,2.08,images/profiles/Bez20066.png,,,- информация ещё не была добавлена -
14090,Nexus,us,false,25.85,images/profiles/Bez14090.png,,,- информация ещё не была добавлена -
13405,ivyteal,world,false,4.77,images/profiles/Bez13405.png,,,- информация ещё не была добавлена -
15629,Stormfly,world,false,7.29,images/profiles/Bez15629.png,,,- информация ещё не была добавлена -
6790,TyakyoFyai,ru,false,97.23,images/profiles/Bez6790.png,,,- информация ещё не была добавлена -
14618,lolwut,us,false,125.57,images/profiles/Bez14618.png,,,- информация ещё не была добавлена -
14793,benedikT,at,false,86.83,images/profiles/Bez14793.png,,,- информация ещё не была добавлена -
3792,Hubertos,es,false,60.79,images/profiles/Bez3792.png,,,- информация ещё не была добавлена -
16557,NitroGunner,world,false,18.00,images/profiles/Bez16557.png,,,- информация ещё не была добавлена -
15535,Kevelia,world,false,9.12,images/profiles/Bez15535.png,,,- информация ещё не была добавлена -
19351,Bram4Real,world,false,0.98,images/profiles/Bez19351.png,,,- информация ещё не была добавлена -
7560,SashaKray,ru,false,537.78,images/profiles/Bez7560.png,,,- информация ещё не была добавлена -
14192,donley,ca,false,3773.30,images/profiles/Bez14192.png,,,- информация ещё не была добавлена -
16562,Mycrafted,us,false,129.39,images/profiles/Bez16562.png,,,- информация ещё не была добавлена -
18807,Rad Scorpion Gaming,world,false,1.10,images/profiles/Bez18807.png,,,- информация ещё не была добавлена -
15202,ButterFish,world,false,5.88,images/profiles/Bez15202.png,,,- информация ещё не была добавлена -
13694,Terry Pinkleton,us,false,64.78,images/profiles/Bez13694.png,,,- информация ещё не была добавлена -
24613,Electrx,world,false,1.19,images/profiles/Bez24613.png,,,- информация ещё не была добавлена -
28493,notged,world,false,0.76,images/profiles/Bez28493.png,,,- информация ещё не была добавлена -
19038,MannyHeffley,world,false,1.20,images/profiles/Bez19038.png,,,- информация ещё не была добавлена -
25600,Erixen,kr,false,171.39,images/profiles/Bez25600.png,,,- информация ещё не была добавлена -
14276,neoraptor,us,false,31.11,images/profiles/Bez14276.png,,,- информация ещё не была добавлена -
20139,Evs5,world,false,0.76,images/profiles/Bez20139.png,,,- информация ещё не была добавлена -
16253,JinoBeats,world,false,0.76,images/profiles/Bez16253.png,,,- информация ещё не была добавлена -
13873,Paliermu,world,false,2416.34,images/profiles/Bez13873.png,,,- информация ещё не была добавлена -
6465,ballstealer,ru,false,10.66,images/profiles/Bez6465.png,,,- информация ещё не была добавлена -
16263,Molexular,world,false,0.75,images/profiles/Bez16263.png,,,- информация ещё не была добавлена -
5570,Freikz,world,false,160.57,images/profiles/Bez5570.png,,,- информация ещё не была добавлена -
14305,Hypno,us,false,5.53,images/profiles/Bez14305.png,,,- информация ещё не была добавлена -
16264,YoReid,world,false,1.85,images/profiles/Bez16264.png,,,- информация ещё не была добавлена -
37833,Zettsuu,world,false,0.75,images/profiles/Bez37833.png,,,- информация ещё не была добавлена -
15012,Asuith,world,false,0.95,images/profiles/Bez15012.png,,,- информация ещё не была добавлена -
14907,Rampage,world,false,1.79,images/profiles/Bez14907.png,,,- информация ещё не была добавлена -
20242, Gam3r2234,world,false,0.74,images/profiles/Bez20242.png,,,- информация ещё не была добавлена -
18822,Kolros716,world,false,0.74,images/profiles/Bez18822.png,,,- информация ещё не была добавлена -
14767,zPlasmaLust,kr,false,58.44,images/profiles/Bez14767.png,,,- информация ещё не была добавлена -
18111,сквазар,ru,false,889.62,images/profiles/Bez18111.png,,,- информация ещё не была добавлена -
6893,Polyden,ru,false,44.45,images/profiles/Bez6893.png,,,- информация ещё не была добавлена -
15293,Nerhy,world,false,1.29,images/profiles/Bez15293.png,,,- информация ещё не была добавлена -
28740,stuffingbrained,fi,false,67.98,images/profiles/Bez28740.png,,,- информация ещё не была добавлена -
16266,Katz3n,world,false,0.73,images/profiles/Bez16266.png,,,- информация ещё не была добавлена -
15120,Mooftwo,world,false,1.95,images/profiles/Bez15120.png,,,- информация ещё не была добавлена -
14948,TheyCallMeEvan,world,false,1.66,images/profiles/Bez14948.png,,,- информация ещё не была добавлена -
20046,Elirpscalion,us,false,24.55,images/profiles/Bez20046.png,,,- информация ещё не была добавлена -
37831,Bordonn,world,false,0.72,images/profiles/Bez37831.png,,,- информация ещё не была добавлена -
26567,Nhay,world,false,0.72,images/profiles/Bez26567.png,,,- информация ещё не была добавлена -
27256,surveyor23,world,false,0.72,images/profiles/Bez27256.png,,,- информация ещё не была добавлена -
6027,foody,world,false,32.21,images/profiles/Bez6027.png,,,- информация ещё не была добавлена -
15160,Coopersuper,us,false,4.50,images/profiles/Bez15160.png,,,- информация ещё не была добавлена -
16268,KiwiPenguin,world,false,0.91,images/profiles/Bez16268.png,,,- информация ещё не была добавлена -
16269,MikeTheMagicMan,world,false,0.71,images/profiles/Bez16269.png,,,- информация ещё не была добавлена -
14817,zilucy,world,false,1.63,images/profiles/Bez14817.png,,,- информация ещё не была добавлена -
15806,Waivve,us,false,6.93,images/profiles/Bez15806.png,,,- информация ещё не была добавлена -
14765,Gabs,fr,false,30.26,images/profiles/Bez14765.png,,,- информация ещё не была добавлена -
30911,Hidden,world,false,0.71,images/profiles/Bez30911.png,,,- информация ещё не была добавлена -
14876,knoeppel,us,false,27.96,images/profiles/Bez14876.png,,,- информация ещё не была добавлена -
16270,WireMuncher,world,false,1.35,images/profiles/Bez16270.png,,,- информация ещё не была добавлена -
15220,Divade,us,false,2.14,images/profiles/Bez15220.png,,,- информация ещё не была добавлена -
15545,BlassCFB,world,false,4.80,images/profiles/Bez15545.png,,,- информация ещё не была добавлена -
16271,MyntiFresh,world,false,1.05,images/profiles/Bez16271.png,,,- информация ещё не была добавлена -
16272,d3centPlayer,world,false,0.70,images/profiles/Bez16272.png,,,- информация ещё не была добавлена -
13891,Trusta,world,false,14.61,images/profiles/Bez13891.png,,,- информация ещё не была добавлена -
16273,shmigels,world,false,2.51,images/profiles/Bez16273.png,,,- информация ещё не была добавлена -
13983,Clumps,world,false,0.95,images/profiles/Bez13983.png,,,- информация ещё не была добавлена -
35341,Airon,world,false,0.70,images/profiles/Bez35341.png,,,- информация ещё не была добавлена -
14429,VERTOP,ru,false,1037.86,images/profiles/Bez14429.png,,,- информация ещё не была добавлена -
16274,MaLiaN,world,false,0.69,images/profiles/Bez16274.png,,,- информация ещё не была добавлена -
37839,crusso,world,false,0.69,images/profiles/Bez37839.png,,,- информация ещё не была добавлена -
16645,Aberrent,world,false,1.19,images/profiles/Bez16645.png,,,- информация ещё не была добавлена -
20110,SuperDreaming,world,false,0.69,images/profiles/Bez20110.png,,,- информация ещё не была добавлена -
38852,Nordgeez,world,false,0.69,images/profiles/Bez38852.png,,,- информация ещё не была добавлена -
7419,FlashWings576,ru,false,2.52,images/profiles/Bez7419.png,,,- информация ещё не была добавлена -
8985,Quicklen,ru,false,0.69,images/profiles/Bez8985.png,,,- информация ещё не была добавлена -
17299,neqron,world,false,2.82,images/profiles/Bez17299.png,,,- информация ещё не была добавлена -
16275,shman,world,false,0.68,images/profiles/Bez16275.png,,,- информация ещё не была добавлена -
16276,TheFakeFlame,world,false,0.68,images/profiles/Bez16276.png,,,- информация ещё не была добавлена -
37840,oliverbum,world,false,0.68,images/profiles/Bez37840.png,,,- информация ещё не была добавлена -
10783,WhiteCaten,ru,false,435.29,images/profiles/Bez10783.png,,,- информация ещё не была добавлена -
15474,LRubix,world,false,1.20,images/profiles/Bez15474.png,,,- информация ещё не была добавлена -
35343,xTet,world,false,0.68,images/profiles/Bez35343.png,,,- информация ещё не была добавлена -
18891,whammaut,world,false,0.68,images/profiles/Bez18891.png,,,- информация ещё не была добавлена -
18161,murderrr,world,false,315.18,images/profiles/Bez18161.png,,,- информация ещё не была добавлена -
31857,Blyatdahellyo,world,false,0.68,images/profiles/Bez31857.png,,,- информация ещё не была добавлена -
34641,SomniumGD,world,false,0.67,images/profiles/Bez34641.png,,,- информация ещё не была добавлена -
14755,Stilluetto,us,false,26.62,images/profiles/Bez14755.png,,,- информация ещё не была добавлена -
23088,At242,world,false,1.57,images/profiles/Bez23088.png,,,- информация ещё не была добавлена -
17731,hyperboll,ru,false,122.96,images/profiles/Bez17731.png,,,- информация ещё не была добавлена -
16093,DreamTide,world,false,2.25,images/profiles/Bez16093.png,,,- информация ещё не была добавлена -
16278,JamAttack,world,false,0.67,images/profiles/Bez16278.png,,,- информация ещё не была добавлена -
29769,Gabinq,world,false,0.67,images/profiles/Bez29769.png,,,- информация ещё не была добавлена -
25082,SupaCLUCK,world,false,0.67,images/profiles/Bez25082.png,,,- информация ещё не была добавлена -
46,baconmonke,gb,false,2.97,images/profiles/Bez46.png,,,- информация ещё не была добавлена -
15377,Railblazer,us,false,6.93,images/profiles/Bez15377.png,,,- информация ещё не была добавлена -
16279,Freaklin,world,false,0.66,images/profiles/Bez16279.png,,,- информация ещё не была добавлена -
16281,addsomething,world,false,0.66,images/profiles/Bez16281.png,,,- информация ещё не была добавлена -
16280,XDman,world,false,0.66,images/profiles/Bez16280.png,,,- информация ещё не была добавлена -
7112,FloofiWan,world,false,1.61,images/profiles/Bez7112.png,,,- информация ещё не была добавлена -
18743,soleyGD,world,false,0.66,images/profiles/Bez18743.png,,,- информация ещё не была добавлена -
14071,awesomeme360,world,false,8.00,images/profiles/Bez14071.png,,,- информация ещё не была добавлена -
16282,kedavra,world,false,0.66,images/profiles/Bez16282.png,,,- информация ещё не была добавлена -
14824,SyQual,kr,false,4.52,images/profiles/Bez14824.png,,,- информация ещё не была добавлена -
20243,idleunam,world,false,0.66,images/profiles/Bez20243.png,,,- информация ещё не была добавлена -
16283,DozenthLeaf,world,false,0.65,images/profiles/Bez16283.png,,,- информация ещё не была добавлена -
20239,Rowanm,world,false,0.65,images/profiles/Bez20239.png,,,- информация ещё не была добавлена -
15537,jbmoon,kr,false,3.18,images/profiles/Bez15537.png,,,- информация ещё не была добавлена -
19036,lillie,world,false,0.65,images/profiles/Bez19036.png,,,- информация ещё не была добавлена -
19035, razsta4ax,world,false,0.65,images/profiles/Bez19035.png,,,- информация ещё не была добавлена -
16026,XavierS,us,false,16.25,images/profiles/Bez16026.png,,,- информация ещё не была добавлена -
16160,Cinci,world,false,1.83,images/profiles/Bez16160.png,,,- информация ещё не была добавлена -
41429,zof,world,false,0.64,images/profiles/Bez41429.png,,,- информация ещё не была добавлена -
1844,CoolCodin,world,false,0.64,images/profiles/Bez1844.png,,,- информация ещё не была добавлена -
14211,notd4n1,world,false,1445.42,images/profiles/Bez14211.png,,,- информация ещё не была добавлена -
16285,BiDeapthBear,world,false,0.64,images/profiles/Bez16285.png,,,- информация ещё не была добавлена -
11455,ShadowMyth,world,false,0.64,images/profiles/Bez11455.png,,,- информация ещё не была добавлена -
18823,King Tosh,world,false,0.64,images/profiles/Bez18823.png,,,- информация ещё не была добавлена -
22580,ItsPedroca,world,false,0.64,images/profiles/Bez22580.png,,,- информация ещё не была добавлена -
29768, Baprag,world,false,0.64,images/profiles/Bez29768.png,,,- информация ещё не была добавлена -
15153,Aeyooo,world,false,2.50,images/profiles/Bez15153.png,,,- информация ещё не была добавлена -
150,exerity,us,false,183.72,images/profiles/Bez150.png,,,- информация ещё не была добавлена -
14114,Arveal,world,false,30.07,images/profiles/Bez14114.png,,,- информация ещё не была добавлена -
16377,YGYoshI,world,false,0.63,images/profiles/Bez16377.png,,,- информация ещё не была добавлена -
15670,VanillaLeaf,world,false,1.35,images/profiles/Bez15670.png,,,- информация ещё не была добавлена -
16284,DuskerHu,us,false,1.57,images/profiles/Bez16284.png,,,- информация ещё не была добавлена -
14550,SeptaGon7,us,false,285.22,images/profiles/Bez14550.png,,,- информация ещё не была добавлена -
18805,Closetta,world,false,0.63,images/profiles/Bez18805.png,,,- информация ещё не была добавлена -
16286,Moisty,world,false,0.63,images/profiles/Bez16286.png,,,- информация ещё не была добавлена -
14853,Skulzi,world,false,13.52,images/profiles/Bez14853.png,,,- информация ещё не была добавлена -
17650,renzgmd,world,false,0.63,images/profiles/Bez17650.png,,,- информация ещё не была добавлена -
16287,llertt,world,false,0.62,images/profiles/Bez16287.png,,,- информация ещё не была добавлена -
14828,Rain22,us,false,9.86,images/profiles/Bez14828.png,,,- информация ещё не была добавлена -
13993,GunnerBones,world,false,5.06,images/profiles/Bez13993.png,,,- информация ещё не была добавлена -
16288,GeometryJosh2,world,false,0.62,images/profiles/Bez16288.png,,,- информация ещё не была добавлена -
16290,mbed,us,false,0.62,images/profiles/Bez16290.png,,,- информация ещё не была добавлена -
16292,Syndrome,world,false,0.71,images/profiles/Bez16292.png,,,- информация ещё не была добавлена -
16291,Tyrannyy,world,false,0.62,images/profiles/Bez16291.png,,,- информация ещё не была добавлена -
15016,GS12,world,false,0.83,images/profiles/Bez15016.png,,,- информация ещё не была добавлена -
15174,twister,us,false,4.74,images/profiles/Bez15174.png,,,- информация ещё не была добавлена -
16289,Yoshikawa,world,false,0.62,images/profiles/Bez16289.png,,,- информация ещё не была добавлена -
15254,FarzzZinjj,ca,false,4.66,images/profiles/Bez15254.png,,,- информация ещё не была добавлена -
14971,ARtu,by,false,4.87,images/profiles/Bez14971.png,,,- информация ещё не была добавлена -
25778,Fakechi,world,false,0.61,images/profiles/Bez25778.png,,,- информация ещё не была добавлена -
14492,Kelvin,gb,false,444.29,images/profiles/Bez14492.png,,,- информация ещё не была добавлена -
30910,TeaWide,world,false,0.61,images/profiles/Bez30910.png,,,- информация ещё не была добавлена -
16293,clncrvl,world,false,0.60,images/profiles/Bez16293.png,,,- информация ещё не была добавлена -
31855,Spycold,world,false,0.60,images/profiles/Bez31855.png,,,- информация ещё не была добавлена -
6892,exotium,ru,false,32.08,images/profiles/Bez6892.png,,,- информация ещё не была добавлена -
6295,goobrey,world,false,1.49,images/profiles/Bez6295.png,,,- информация ещё не была добавлена -
25080,Evandbrown,world,false,0.60,images/profiles/Bez25080.png,,,- информация ещё не была добавлена -
16155,kota,world,false,1.79,images/profiles/Bez16155.png,,,- информация ещё не была добавлена -
31382,Luihh23,world,false,0.59,images/profiles/Bez31382.png,,,- информация ещё не была добавлена -
20069,Zosmic,world,false,0.60,images/profiles/Bez20069.png,,,- информация ещё не была добавлена -
14894,Szilu,hu,false,3.14,images/profiles/Bez14894.png,,,- информация ещё не была добавлена -
14397,RLOL,world,false,1.22,images/profiles/Bez14397.png,,,- информация ещё не была добавлена -
16295,cat597,world,false,0.59,images/profiles/Bez16295.png,,,- информация ещё не была добавлена -
15724,f3lixsram,world,false,0.95,images/profiles/Bez15724.png,,,- информация ещё не была добавлена -
16296,Warrion004,world,false,0.59,images/profiles/Bez16296.png,,,- информация ещё не была добавлена -
37841,kywy,world,false,0.59,images/profiles/Bez37841.png,,,- информация ещё не была добавлена -
18744,oleki,world,false,1.39,images/profiles/Bez18744.png,,,- информация ещё не была добавлена -
22072,zamos,us,false,21.34,images/profiles/Bez22072.png,,,- информация ещё не была добавлена -
18903,z0rty,ru,false,72.75,images/profiles/Bez18903.png,,,- информация ещё не была добавлена -
15880,OnlineplaY,world,false,2.47,images/profiles/Bez15880.png,,,- информация ещё не была добавлена -
14744,Demented,us,false,38.57,images/profiles/Bez14744.png,,,- информация ещё не была добавлена -
15407,icedcave,ca,false,4.34,images/profiles/Bez15407.png,,,- информация ещё не была добавлена -
28490,superigg,world,false,0.57,images/profiles/Bez28490.png,,,- информация ещё не была добавлена -
17482,maxler,gb,false,16.51,images/profiles/Bez17482.png,,,- информация ещё не была добавлена -
16297,Yuko,world,false,0.58,images/profiles/Bez16297.png,,,- информация ещё не была добавлена -
27324,Mathey,world,false,0.57,images/profiles/Bez27324.png,,,- информация ещё не была добавлена -
16563,Doli,world,false,79.06,images/profiles/Bez16563.png,,,- информация ещё не была добавлена -
24614,Sensawa,world,false,1.02,images/profiles/Bez24614.png,,,- информация ещё не была добавлена -
16298,Tinraz,world,false,1.12,images/profiles/Bez16298.png,,,- информация ещё не была добавлена -
6033,Gecko,gb,false,26.67,images/profiles/Bez6033.png,,,- информация ещё не была добавлена -
16299,Wespdx,world,false,0.57,images/profiles/Bez16299.png,,,- информация ещё не была добавлена -
24617,JoacoPe25,world,false,0.57,images/profiles/Bez24617.png,,,- информация ещё не была добавлена -
36164,Luvery,world,false,0.56,images/profiles/Bez36164.png,,,- информация ещё не была добавлена -
14148,LCotton,kr,false,28.56,images/profiles/Bez14148.png,,,- информация ещё не была добавлена -
25079,Pikonom,world,false,0.56,images/profiles/Bez25079.png,,,- информация ещё не была добавлена -
18331,xdasfsa,world,false,0.56,images/profiles/Bez18331.png,,,- информация ещё не была добавлена -
16088,MiniWheatDuo,world,false,1.53,images/profiles/Bez16088.png,,,- информация ещё не была добавлена -
14072,ItzElectrix,us,false,35.68,images/profiles/Bez14072.png,,,- информация ещё не была добавлена -
14596,mastern,world,false,43.48,images/profiles/Bez14596.png,,,- информация ещё не была добавлена -
24616,vridge,world,false,0.56,images/profiles/Bez24616.png,,,- информация ещё не была добавлена -
6754,Lucid,world,false,0.56,images/profiles/Bez6754.png,,,- информация ещё не была добавлена -
30909,PlasmaShock,world,false,0.55,images/profiles/Bez30909.png,,,- информация ещё не была добавлена -
13465,Lelzi,world,false,4.07,images/profiles/Bez13465.png,,,- информация ещё не была добавлена -
5781,ViZeris,ru,false,214.03,images/profiles/Bez5781.png,,,- информация ещё не была добавлена -
20070,Insidee,world,false,0.55,images/profiles/Bez20070.png,,,- информация ещё не была добавлена -
15348,Luned,world,false,0.55,images/profiles/Bez15348.png,,,- информация ещё не была добавлена -
12743,Catliest,world,false,1.90,images/profiles/Bez12743.png,,,- информация ещё не была добавлена -
6606,Jakalope,world,false,2.00,images/profiles/Bez6606.png,,,- информация ещё не была добавлена -
14156,Cewew,pl,false,51.03,images/profiles/Bez14156.png,,,- информация ещё не была добавлена -
18824,Pasiblitz,world,false,0.54,images/profiles/Bez18824.png,,,- информация ещё не была добавлена -
15867,patos,us,false,68.58,images/profiles/Bez15867.png,,,- информация ещё не была добавлена -
15349,SleyGD,world,false,0.62,images/profiles/Bez15349.png,,,- информация ещё не была добавлена -
15350,Saido45,world,false,0.54,images/profiles/Bez15350.png,,,- информация ещё не была добавлена -
15640,Sneze,us,false,2.17,images/profiles/Bez15640.png,,,- информация ещё не была добавлена -
14503,LGgd,world,false,0.54,images/profiles/Bez14503.png,,,- информация ещё не была добавлена -
14790,ThePrimeEvil,world,false,0.54,images/profiles/Bez14790.png,,,- информация ещё не была добавлена -
15351,Leksitoo,world,false,0.54,images/profiles/Bez15351.png,,,- информация ещё не была добавлена -
25077,RafaBirds,world,false,0.54,images/profiles/Bez25077.png,,,- информация ещё не была добавлена -
21543,Zomore,world,false,0.54,images/profiles/Bez21543.png,,,- информация ещё не была добавлена -
15352, Inside,world,false,0.53,images/profiles/Bez15352.png,,,- информация ещё не была добавлена -
15354,JoeL,world,false,0.53,images/profiles/Bez15354.png,,,- информация ещё не была добавлена -
15355,efext,world,false,1.35,images/profiles/Bez15355.png,,,- информация ещё не была добавлена -
15356,Zeus,world,false,0.53,images/profiles/Bez15356.png,,,- информация ещё не была добавлена -
6588,Ariwl,world,false,1.43,images/profiles/Bez6588.png,,,- информация ещё не была добавлена -
15088,Shween,world,false,0.98,images/profiles/Bez15088.png,,,- информация ещё не была добавлена -
16294,FuZeBomB,world,false,0.52,images/profiles/Bez16294.png,,,- информация ещё не была добавлена -
5729,Nexi,by,false,135.25,images/profiles/Bez5729.png,,,- информация ещё не была добавлена -
15725,LimeTime313,world,false,0.72,images/profiles/Bez15725.png,,,- информация ещё не была добавлена -
18890,SnowFox,world,false,0.52,images/profiles/Bez18890.png,,,- информация ещё не была добавлена -
31107,Hemzy,world,false,0.52,images/profiles/Bez31107.png,,,- информация ещё не была добавлена -
14317,Ravexi,kz,false,1.48,images/profiles/Bez14317.png,,,- информация ещё не была добавлена -
14203,krystalite,world,false,52.71,images/profiles/Bez14203.png,,,- информация ещё не была добавлена -
15955,para,world,false,1.11,images/profiles/Bez15955.png,,,- информация ещё не была добавлена -
15353,-,world,false,1.56,images/profiles/Bez15353.png,,,- информация ещё не была добавлена -
15357,McSwaggerson,world,false,0.52,images/profiles/Bez15357.png,,,- информация ещё не была добавлена -
15358,MKk,world,false,0.52,images/profiles/Bez15358.png,,,- информация ещё не была добавлена -
16559,Miro,kr,false,162.50,images/profiles/Bez16559.png,,,- информация ещё не была добавлена -
13928,Ka1ns,world,false,0.75,images/profiles/Bez13928.png,,,- информация ещё не была добавлена -
14759,Riot,us,false,5.15,images/profiles/Bez14759.png,,,- информация ещё не была добавлена -
6387,Dep96,world,false,10.10,images/profiles/Bez6387.png,,,- информация ещё не была добавлена -
38854,Sdslayer,us,false,0.65,images/profiles/Bez38854.png,,,- информация ещё не была добавлена -
19667,Adhafera,us,false,144.08,images/profiles/Bez19667.png,,,- информация ещё не была добавлена -
31105,Icon,world,false,0.51,images/profiles/Bez31105.png,,,- информация ещё не была добавлена -
16230,MooXN32,world,false,1.24,images/profiles/Bez16230.png,,,- информация ещё не была добавлена -
20113,jupi,us,false,174.91,images/profiles/Bez20113.png,,,- информация ещё не была добавлена -
14763,zMarc,ca,false,37.48,images/profiles/Bez14763.png,,,- информация ещё не была добавлена -
19380,Jandlust,world,false,0.50,images/profiles/Bez19380.png,,,- информация ещё не была добавлена -
16507,goodsmile,world,false,3.49,images/profiles/Bez16507.png,,,- информация ещё не была добавлена -
16474,Powerbomb,world,false,2.88,images/profiles/Bez16474.png,,,- информация ещё не была добавлена -
14185,DarkTD,us,false,861.30,images/profiles/Bez14185.png,,,- информация ещё не была добавлена -
47167,snackless,world,false,0.50,images/profiles/Bez47167.png,,,- информация ещё не была добавлена -
3808,blitzz,world,false,11.17,images/profiles/Bez3808.png,,,- информация ещё не была добавлена -
15359,Latezk,world,false,0.49,images/profiles/Bez15359.png,,,- информация ещё не была добавлена -
15754,Pi Guy,world,false,1.50,images/profiles/Bez15754.png,,,- информация ещё не была добавлена -
17189,Fabsol,world,false,0.49,images/profiles/Bez17189.png,,,- информация ещё не была добавлена -
19346,SaphGMD,world,false,0.49,images/profiles/Bez19346.png,,,- информация ещё не была добавлена -
15360,gdemerald,world,false,0.49,images/profiles/Bez15360.png,,,- информация ещё не была добавлена -
20677,Aerodynosaur,world,false,53.49,images/profiles/Bez20677.png,,,- информация ещё не была добавлена -
13800,MaxiS9,ca,false,1.96,images/profiles/Bez13800.png,,,- информация ещё не была добавлена -
30649,Sakira,world,false,0.49,images/profiles/Bez30649.png,,,- информация ещё не была добавлена -
16029,SyncJaws,us,false,5.92,images/profiles/Bez16029.png,,,- информация ещё не была добавлена -
15361,MaxVilocity,world,false,0.49,images/profiles/Bez15361.png,,,- информация ещё не была добавлена -
15362,ILikeYeetingYEET,world,false,0.49,images/profiles/Bez15362.png,,,- информация ещё не была добавлена -
15363,MeowMasterer,world,false,0.48,images/profiles/Bez15363.png,,,- информация ещё не была добавлена -
14307,Dr4QuiTo,world,false,28.49,images/profiles/Bez14307.png,,,- информация ещё не была добавлена -
20071,Kurena,world,false,0.48,images/profiles/Bez20071.png,,,- информация ещё не была добавлена -
15072,ItzApex,world,false,2.89,images/profiles/Bez15072.png,,,- информация ещё не была добавлена -
21816,Anirium,world,false,0.48,images/profiles/Bez21816.png,,,- информация ещё не была добавлена -
13870,HargChucu,kr,false,36.24,images/profiles/Bez13870.png,,,- информация ещё не была добавлена -
14446,Koreaqwer,kr,false,124.49,images/profiles/Bez14446.png,,,- информация ещё не была добавлена -
15364,skyeeuwu,world,false,0.85,images/profiles/Bez15364.png,,,- информация ещё не была добавлена -
15064,shubhy,world,false,7.95,images/profiles/Bez15064.png,,,- информация ещё не была добавлена -
15719,DaMeister,world,false,0.67,images/profiles/Bez15719.png,,,- информация ещё не была добавлена -
15695,nwolc,world,false,1.39,images/profiles/Bez15695.png,,,- информация ещё не была добавлена -
16073,plimbus,us,false,5.81,images/profiles/Bez16073.png,,,- информация ещё не была добавлена -
16310,GeoNoRway,world,false,0.47,images/profiles/Bez16310.png,,,- информация ещё не была добавлена -
31834,amberette,world,false,0.47,images/profiles/Bez31834.png,,,- информация ещё не была добавлена -
16039,RpgRaketti,world,false,5.01,images/profiles/Bez16039.png,,,- информация ещё не была добавлена -
15390,Vorgogne,world,false,2.24,images/profiles/Bez15390.png,,,- информация ещё не была добавлена -
25076,ikkyseen,world,false,0.47,images/profiles/Bez25076.png,,,- информация ещё не была добавлена -
15365,BigBoyChomp,world,false,0.47,images/profiles/Bez15365.png,,,- информация ещё не была добавлена -
20238,Nsaynchkn,world,false,0.47,images/profiles/Bez20238.png,,,- информация ещё не была добавлена -
21815,Devilmine,world,false,0.47,images/profiles/Bez21815.png,,,- информация ещё не была добавлена -
50629,ult8,world,false,0.46,images/profiles/Bez50629.png,,,- информация ещё не была добавлена -
16244,Giron,world,false,1.45,images/profiles/Bez16244.png,,,- информация ещё не была добавлена -
15997,Mark Napkin,de,false,28.05,images/profiles/Bez15997.png,,,- информация ещё не была добавлена -
20109,Shyne,us,false,1.44,images/profiles/Bez20109.png,,,- информация ещё не была добавлена -
18937,ImNotNuub,world,false,0.46,images/profiles/Bez18937.png,,,- информация ещё не была добавлена -
14770,ViewSonic,world,false,75.88,images/profiles/Bez14770.png,,,- информация ещё не была добавлена -
15366,WormFodder,world,false,0.72,images/profiles/Bez15366.png,,,- информация ещё не была добавлена -
15367,Gryllex,world,false,0.45,images/profiles/Bez15367.png,,,- информация ещё не была добавлена -
3687,kathryn,world,false,19.36,images/profiles/Bez3687.png,,,- информация ещё не была добавлена -
15368,OliSW,world,false,0.45,images/profiles/Bez15368.png,,,- информация ещё не была добавлена -
15369,BoBoBoBoBoBoBo,world,false,0.61,images/profiles/Bez15369.png,,,- информация ещё не была добавлена -
29444,jbu,world,false,0.45,images/profiles/Bez29444.png,,,- информация ещё не была добавлена -
15014,MaFFaKa,ru,false,71.85,images/profiles/Bez15014.png,,,- информация ещё не была добавлена -
14757,Karpo,kz,false,532.46,images/profiles/Bez14757.png,,,- информация ещё не была добавлена -
7139,Bibox,world,false,16.16,images/profiles/Bez7139.png,,,- информация ещё не была добавлена -
15370,Chriservi,world,false,0.44,images/profiles/Bez15370.png,,,- информация ещё не была добавлена -
15049,ChloeCutie,world,false,3.46,images/profiles/Bez15049.png,,,- информация ещё не была добавлена -
24856,WailedDuke0004,gb,false,8.35,images/profiles/Bez24856.png,,,- информация ещё не была добавлена -
15371,Coheton,world,false,0.44,images/profiles/Bez15371.png,,,- информация ещё не была добавлена -
30728,SlightliFizzi,world,false,0.44,images/profiles/Bez30728.png,,,- информация ещё не была добавлена -
15147,Pipz,world,false,1.14,images/profiles/Bez15147.png,,,- информация ещё не была добавлена -
30908,Rynoxiouss,world,false,0.44,images/profiles/Bez30908.png,,,- информация ещё не была добавлена -
18837,BGames,world,false,0.44,images/profiles/Bez18837.png,,,- информация ещё не была добавлена -
14271,TheGroz,world,false,7.58,images/profiles/Bez14271.png,,,- информация ещё не была добавлена -
8225,Namirash,ru,false,5.41,images/profiles/Bez8225.png,,,- информация ещё не была добавлена -
3722,MrMauster,ru,false,608.95,images/profiles/Bez3722.png,,,- информация ещё не была добавлена -
23453, Afumaii,world,false,0.43,images/profiles/Bez23453.png,,,- информация ещё не была добавлена -
19960,Shard,world,false,0.43,images/profiles/Bez19960.png,,,- информация ещё не была добавлена -
13995,Smiffy777,world,false,2.57,images/profiles/Bez13995.png,,,- информация ещё не была добавлена -
16655,Wyntaee,world,false,0.58,images/profiles/Bez16655.png,,,- информация ещё не была добавлена -
14126,GuitarHeroStyles,es,false,12.98,images/profiles/Bez14126.png,,,- информация ещё не была добавлена -
18491,chloechu,world,false,0.86,images/profiles/Bez18491.png,,,- информация ещё не была добавлена -
36684,danielsbadkarma,world,false,0.42,images/profiles/Bez36684.png,,,- информация ещё не была добавлена -
13703,Syndrome GMD,world,false,1.34,images/profiles/Bez13703.png,,,- информация ещё не была добавлена -
14504,santiachu,world,false,1.11,images/profiles/Bez14504.png,,,- информация ещё не была добавлена -
15187,NexorrGD,world,false,1.11,images/profiles/Bez15187.png,,,- информация ещё не была добавлена -
14816,Ishigiru,ru,false,12.06,images/profiles/Bez14816.png,,,- информация ещё не была добавлена -
25075,SoggyDash,world,false,0.79,images/profiles/Bez25075.png,,,- информация ещё не была добавлена -
30907,PikachuFan42,world,false,0.42,images/profiles/Bez30907.png,,,- информация ещё не была добавлена -
15644,fhewi,world,false,1.28,images/profiles/Bez15644.png,,,- информация ещё не была добавлена -
6395,culobdj,us,false,13.12,images/profiles/Bez6395.png,,,- информация ещё не была добавлена -
14505,Ka1sa,world,false,0.41,images/profiles/Bez14505.png,,,- информация ещё не была добавлена -
30906,xemic,world,false,0.41,images/profiles/Bez30906.png,,,- информация ещё не была добавлена -
16300,meowdead,world,false,0.41,images/profiles/Bez16300.png,,,- информация ещё не была добавлена -
16301,Bizaare,world,false,0.69,images/profiles/Bez16301.png,,,- информация ещё не была добавлена -
16303,MrSpagetti,world,false,0.40,images/profiles/Bez16303.png,,,- информация ещё не была добавлена -
8418,Plushiest,world,false,0.48,images/profiles/Bez8418.png,,,- информация ещё не была добавлена -
16304,Aimbotter2123,world,false,0.60,images/profiles/Bez16304.png,,,- информация ещё не была добавлена -
8223,NikVer,ru,false,12.09,images/profiles/Bez8223.png,,,- информация ещё не была добавлена -
16305,RealFlame,world,false,0.40,images/profiles/Bez16305.png,,,- информация ещё не была добавлена -
16306,thazm,world,false,0.90,images/profiles/Bez16306.png,,,- информация ещё не была добавлена -
16307,Raivolt,world,false,0.40,images/profiles/Bez16307.png,,,- информация ещё не была добавлена -
36172,lazrer,world,false,0.64,images/profiles/Bez36172.png,,,- информация ещё не была добавлена -
15321,Aeidux,kr,false,3.87,images/profiles/Bez15321.png,,,- информация ещё не была добавлена -
14536,nifty,world,false,91.05,images/profiles/Bez14536.png,,,- информация ещё не была добавлена -
16308,Blook18,world,false,0.39,images/profiles/Bez16308.png,,,- информация ещё не была добавлена -
29619,zArctic,world,false,0.39,images/profiles/Bez29619.png,,,- информация ещё не была добавлена -
14019,iIiViRuZiIi,world,false,0.89,images/profiles/Bez14019.png,,,- информация ещё не была добавлена -
3674,Kint,by,false,32.37,images/profiles/Bez3674.png,,,- информация ещё не была добавлена -
15677,Monti241,world,false,2.10,images/profiles/Bez15677.png,,,- информация ещё не была добавлена -
14274,Hexeract,gb,false,17.79,images/profiles/Bez14274.png,,,- информация ещё не была добавлена -
14424,Wolvyy,de,false,0.56,images/profiles/Bez14424.png,,,- информация ещё не была добавлена -
15536,hawkyre,es,false,1.96,images/profiles/Bez15536.png,,,- информация ещё не была добавлена -
45513,greencubed,world,false,0.38,images/profiles/Bez45513.png,,,- информация ещё не была добавлена -
30647,Ryguy6749,world,false,0.38,images/profiles/Bez30647.png,,,- информация ещё не была добавлена -
16492,EnTrix23,world,false,0.38,images/profiles/Bez16492.png,,,- информация ещё не была добавлена -
14426,fuze,world,false,0.49,images/profiles/Bez14426.png,,,- информация ещё не была добавлена -
42849,Split72,world,false,0.37,images/profiles/Bez42849.png,,,- информация ещё не была добавлена -
2381,orizu,ca,false,118.93,images/profiles/Bez2381.png,,,- информация ещё не была добавлена -
18910,Perorbem,world,false,0.37,images/profiles/Bez18910.png,,,- информация ещё не была добавлена -
16493,wwsckr,world,false,0.37,images/profiles/Bez16493.png,,,- информация ещё не была добавлена -
18889,tirednwired,world,false,0.37,images/profiles/Bez18889.png,,,- информация ещё не была добавлена -
19034,xjt,world,false,0.37,images/profiles/Bez19034.png,,,- информация ещё не была добавлена -
14580,SkyJax,world,false,47.05,images/profiles/Bez14580.png,,,- информация ещё не была добавлена -
23452,vinyl,kr,false,0.37,images/profiles/Bez23452.png,,,- информация ещё не была добавлена -
16494,Sink,world,false,0.37,images/profiles/Bez16494.png,,,- информация ещё не была добавлена -
16309,Noriega,world,false,0.36,images/profiles/Bez16309.png,,,- информация ещё не была добавлена -
16578,Mizukii,de,false,5456.45,images/profiles/Bez16578.png,,,- информация ещё не была добавлена -
19375,Hestonic,fr,false,25.21,images/profiles/Bez19375.png,,,- информация ещё не была добавлена -
14379,HangyKing,world,false,0.50,images/profiles/Bez14379.png,,,- информация ещё не была добавлена -
16311,Toughfey,world,false,0.36,images/profiles/Bez16311.png,,,- информация ещё не была добавлена -
16312,beary,world,false,0.36,images/profiles/Bez16312.png,,,- информация ещё не была добавлена -
31832,suchabro,world,false,0.36,images/profiles/Bez31832.png,,,- информация ещё не была добавлена -
16313,BufferFish1413,world,false,0.36,images/profiles/Bez16313.png,,,- информация ещё не была добавлена -
23451,CheemMan+,world,false,0.35,images/profiles/Bez23451.png,,,- информация ещё не была добавлена -
15383,Daxylitz,us,false,5.80,images/profiles/Bez15383.png,,,- информация ещё не была добавлена -
6712,Remurin,ru,false,4.89,images/profiles/Bez6712.png,,,- информация ещё не была добавлена -
16315,Yendis,world,false,0.35,images/profiles/Bez16315.png,,,- информация ещё не была добавлена -
16316,GDBrad,world,false,0.35,images/profiles/Bez16316.png,,,- информация ещё не была добавлена -
2024,Nico GG,world,false,54.54,images/profiles/Bez2024.png,,,- информация ещё не была добавлена -
16317,Azuvy,world,false,0.35,images/profiles/Bez16317.png,,,- информация ещё не была добавлена -
16651,kingsman265,world,false,0.35,images/profiles/Bez16651.png,,,- информация ещё не была добавлена -
20241,Mist,world,false,0.34,images/profiles/Bez20241.png,,,- информация ещё не была добавлена -
13732,Bamvie,us,false,804.77,images/profiles/Bez13732.png,,,- информация ещё не была добавлена -
27254,Ryder,world,false,0.34,images/profiles/Bez27254.png,,,- информация ещё не была добавлена -
16654,TrueInverse,world,false,0.34,images/profiles/Bez16654.png,,,- информация ещё не была добавлена -
21540,yJulien,world,false,0.34,images/profiles/Bez21540.png,,,- информация ещё не была добавлена -
45514,VRAPUR,world,false,0.34,images/profiles/Bez45514.png,,,- информация ещё не была добавлена -
16318,noxiom,world,false,0.34,images/profiles/Bez16318.png,,,- информация ещё не была добавлена -
16319,Spectre,world,false,0.33,images/profiles/Bez16319.png,,,- информация ещё не была добавлена -
20112,issanagay,world,false,0.34,images/profiles/Bez20112.png,,,- информация ещё не была добавлена -
93,ZmL,ru,false,3.49,images/profiles/Bez93.png,,,- информация ещё не была добавлена -
15076,MetaManRB,world,false,1.15,images/profiles/Bez15076.png,,,- информация ещё не была добавлена -
15373,TheZinkYT,world,false,0.33,images/profiles/Bez15373.png,,,- информация ещё не была добавлена -
29618,Aphelix,world,false,0.33,images/profiles/Bez29618.png,,,- информация ещё не была добавлена -
18862,ultrakawaHD,world,false,0.33,images/profiles/Bez18862.png,,,- информация ещё не была добавлена -
7,YoshiL,fr,false,122.24,images/profiles/Bez7.png,,,- информация ещё не была добавлена -
3336,Neeple,ru,false,15.64,images/profiles/Bez3336.png,,,- информация ещё не была добавлена -
18935,NinSam,world,false,0.33,images/profiles/Bez18935.png,,,- информация ещё не была добавлена -
13972,Ozyximo,world,false,0.57,images/profiles/Bez13972.png,,,- информация ещё не была добавлена -
18784,SundayGMD,world,false,0.32,images/profiles/Bez18784.png,,,- информация ещё не была добавлена -
16321,FarzzZinj,world,false,0.32,images/profiles/Bez16321.png,,,- информация ещё не была добавлена -
18836,uan,world,false,0.46,images/profiles/Bez18836.png,,,- информация ещё не была добавлена -
1462,Lerik,world,false,0.32,images/profiles/Bez1462.png,,,- информация ещё не была добавлена -
15583,Peng,world,false,0.52,images/profiles/Bez15583.png,,,- информация ещё не была добавлена -
16323,FlipR,world,false,0.32,images/profiles/Bez16323.png,,,- информация ещё не была добавлена -
34407,Foxdee,world,false,222.45,images/profiles/Bez34407.png,,,- информация ещё не была добавлена -
15476,derf,world,false,50.67,images/profiles/Bez15476.png,,,- информация ещё не была добавлена -
16245,Zalgaryth,world,false,2.94,images/profiles/Bez16245.png,,,- информация ещё не была добавлена -
19350,mwzn,world,false,0.32,images/profiles/Bez19350.png,,,- информация ещё не была добавлена -
16324,Whippie37,world,false,0.31,images/profiles/Bez16324.png,,,- информация ещё не была добавлена -
16325,Sycro,world,false,0.31,images/profiles/Bez16325.png,,,- информация ещё не была добавлена -
16326,Ironingot,world,false,0.31,images/profiles/Bez16326.png,,,- информация ещё не была добавлена -
16327,ch4rlie03,world,false,0.31,images/profiles/Bez16327.png,,,- информация ещё не была добавлена -
33040,saifosa,world,false,0.31,images/profiles/Bez33040.png,,,- информация ещё не была добавлена -
24611,Somie,world,false,0.31,images/profiles/Bez24611.png,,,- информация ещё не была добавлена -
16328,GoldenTG,world,false,0.31,images/profiles/Bez16328.png,,,- информация ещё не была добавлена -
16505,Platnuu,world,false,0.31,images/profiles/Bez16505.png,,,- информация ещё не была добавлена -
16329,Ellyza,world,false,0.31,images/profiles/Bez16329.png,,,- информация ещё не была добавлена -
16036,Rqd,world,false,0.84,images/profiles/Bez16036.png,,,- информация ещё не была добавлена -
25911,pashagrunt,ru,false,1.11,images/profiles/Bez25911.png,,,- информация ещё не была добавлена -
16330,Umbra,world,false,0.30,images/profiles/Bez16330.png,,,- информация ещё не была добавлена -
20061,AudieoVisual,world,false,0.30,images/profiles/Bez20061.png,,,- информация ещё не была добавлена -
19978,Xcio122,ru,false,37.78,images/profiles/Bez19978.png,,,- информация ещё не была добавлена -
18861,InterChange,world,false,0.30,images/profiles/Bez18861.png,,,- информация ещё не была добавлена -
16331,MP3141,world,false,0.30,images/profiles/Bez16331.png,,,- информация ещё не была добавлена -
16656,ZeroSR,world,false,0.55,images/profiles/Bez16656.png,,,- информация ещё не была добавлена -
14420,AndUhHalf,us,false,0.48,images/profiles/Bez14420.png,,,- информация ещё не была добавлена -
16542,Timy,us,false,805.23,images/profiles/Bez16542.png,,,- информация ещё не была добавлена -
29374,Kallical,world,false,0.29,images/profiles/Bez29374.png,,,- информация ещё не была добавлена -
16332,Norbipapa,world,false,0.29,images/profiles/Bez16332.png,,,- информация ещё не была добавлена -
18819,ItzJitterbug325,world,false,0.29,images/profiles/Bez18819.png,,,- информация ещё не была добавлена -
18821,jbooster,world,false,0.29,images/profiles/Bez18821.png,,,- информация ещё не была добавлена -
14322,Kiseki1,ca,false,2.06,images/profiles/Bez14322.png,,,- информация ещё не была добавлена -
29559,Eric,world,false,0.29,images/profiles/Bez29559.png,,,- информация ещё не была добавлена -
31365,QuazeryIceCube,world,false,0.45,images/profiles/Bez31365.png,,,- информация ещё не была добавлена -
13782,Wulzy,world,false,0.29,images/profiles/Bez13782.png,,,- информация ещё не была добавлена -
16416,Fejoaoa,world,false,0.29,images/profiles/Bez16416.png,,,- информация ещё не была добавлена -
16249,Lugualize,world,false,0.29,images/profiles/Bez16249.png,,,- информация ещё не была добавлена -
15514,Frunk,us,false,0.89,images/profiles/Bez15514.png,,,- информация ещё не была добавлена -
29558,WaffleWaffle24,world,false,0.28,images/profiles/Bez29558.png,,,- информация ещё не была добавлена -
25073,Kinshi,world,false,0.28,images/profiles/Bez25073.png,,,- информация ещё не была добавлена -
15100,SennaGD,world,false,0.28,images/profiles/Bez15100.png,,,- информация ещё не была добавлена -
15260,Zeroya,world,false,2.12,images/profiles/Bez15260.png,,,- информация ещё не была добавлена -
16440,BlazeD77,world,false,0.28,images/profiles/Bez16440.png,,,- информация ещё не была добавлена -
14710,MADxSG,world,false,10.80,images/profiles/Bez14710.png,,,- информация ещё не была добавлена -
18860,AAAAAlex,world,false,0.28,images/profiles/Bez18860.png,,,- информация ещё не была добавлена -
20068,Sergio el nino,world,false,0.28,images/profiles/Bez20068.png,,,- информация ещё не была добавлена -
6801,Woose,ru,false,15.86,images/profiles/Bez6801.png,,,- информация ещё не была добавлена -
20062,xjustincamp,world,false,0.28,images/profiles/Bez20062.png,,,- информация ещё не была добавлена -
16439,Andromeda,world,false,0.27,images/profiles/Bez16439.png,,,- информация ещё не была добавлена -
14112,Leaf,gb,false,21.24,images/profiles/Bez14112.png,,,- информация ещё не была добавлена -
16320,NateFH,world,false,0.45,images/profiles/Bez16320.png,,,- информация ещё не была добавлена -
16333,SkylarkyXD,world,false,0.27,images/profiles/Bez16333.png,,,- информация ещё не была добавлена -
48002,robon,world,false,0.27,images/profiles/Bez48002.png,,,- информация ещё не была добавлена -
16334,TypicalGMD,world,false,0.27,images/profiles/Bez16334.png,,,- информация ещё не была добавлена -
23090,ajmal,world,false,0.27,images/profiles/Bez23090.png,,,- информация ещё не была добавлена -
6300,AbraXas96,world,false,5.04,images/profiles/Bez6300.png,,,- информация ещё не была добавлена -
16335,IF,world,false,0.27,images/profiles/Bez16335.png,,,- информация ещё не была добавлена -
16265,Bram,world,false,0.27,images/profiles/Bez16265.png,,,- информация ещё не была добавлена -
30646,MustachioTB,world,false,0.26,images/profiles/Bez30646.png,,,- информация ещё не была добавлена -
35812,Jenkins,world,false,0.45,images/profiles/Bez35812.png,,,- информация ещё не была добавлена -
6599,Willow,ca,false,86.76,images/profiles/Bez6599.png,,,- информация ещё не была добавлена -
14506,Sprankton,world,false,0.26,images/profiles/Bez14506.png,,,- информация ещё не была добавлена -
21814,ItsDreamsGD,world,false,0.26,images/profiles/Bez21814.png,,,- информация ещё не была добавлена -
14855,schemanick,world,false,7.89,images/profiles/Bez14855.png,,,- информация ещё не была добавлена -
16650,kekyto,world,false,0.26,images/profiles/Bez16650.png,,,- информация ещё не была добавлена -
16415,Berke423,world,false,0.26,images/profiles/Bez16415.png,,,- информация ещё не была добавлена -
14168,Pouche,fr,false,24.49,images/profiles/Bez14168.png,,,- информация ещё не была добавлена -
7033,OnlyTryingYT,world,false,1.54,images/profiles/Bez7033.png,,,- информация ещё не была добавлена -
9281,enimeoww,ru,false,20.94,images/profiles/Bez9281.png,,,- информация ещё не была добавлена -
14507,Volume,world,false,0.25,images/profiles/Bez14507.png,,,- информация ещё не была добавлена -
17658,e3ea,world,false,0.25,images/profiles/Bez17658.png,,,- информация ещё не была добавлена -
15541,Sebquero11,world,false,3.99,images/profiles/Bez15541.png,,,- информация ещё не была добавлена -
14508, Prayoga,world,false,0.25,images/profiles/Bez14508.png,,,- информация ещё не была добавлена -
14497,Dehznik,world,false,0.30,images/profiles/Bez14497.png,,,- информация ещё не была добавлена -
14786,enlex,world,false,0.25,images/profiles/Bez14786.png,,,- информация ещё не была добавлена -
14509,WOOGI,world,false,0.24,images/profiles/Bez14509.png,,,- информация ещё не была добавлена -
5788,LunarSpark,pt,false,638.56,images/profiles/Bez5788.png,,,- информация ещё не была добавлена -
15630,Zoink Doink,us,false,78.72,images/profiles/Bez15630.png,,,- информация ещё не была добавлена -
14510,Cancel,world,false,0.24,images/profiles/Bez14510.png,,,- информация ещё не была добавлена -
14511,Ky,world,false,0.24,images/profiles/Bez14511.png,,,- информация ещё не была добавлена -
2747,asmallsock,world,false,0.32,images/profiles/Bez2747.png,,,- информация ещё не была добавлена -
18835,SmackinTheKraken,world,false,0.24,images/profiles/Bez18835.png,,,- информация ещё не была добавлена -
14127,LastPrismAlex,world,false,3.24,images/profiles/Bez14127.png,,,- информация ещё не была добавлена -
36685,Plasma64,world,false,0.23,images/profiles/Bez36685.png,,,- информация ещё не была добавлена -
13878,ItzBraeden,world,false,0.23,images/profiles/Bez13878.png,,,- информация ещё не была добавлена -
29557,Xtinct,world,false,0.23,images/profiles/Bez29557.png,,,- информация ещё не была добавлена -
15946,DashY,fi,false,21.46,images/profiles/Bez15946.png,,,- информация ещё не была добавлена -
13880,Grax,world,false,0.23,images/profiles/Bez13880.png,,,- информация ещё не была добавлена -
13753,KingDLetsPlay,world,false,0.23,images/profiles/Bez13753.png,,,- информация ещё не была добавлена -
14518,JannisTE,nl,false,1011.00,images/profiles/Bez14518.png,,,- информация ещё не была добавлена -
14257,Th13teen,us,false,185.20,images/profiles/Bez14257.png,,,- информация ещё не была добавлена -
25068,schitt,world,false,0.36,images/profiles/Bez25068.png,,,- информация ещё не была добавлена -
5917,Eiriley,world,false,83.31,images/profiles/Bez5917.png,,,- информация ещё не была добавлена -
14160,Plus0ne,pl,false,27.55,images/profiles/Bez14160.png,,,- информация ещё не была добавлена -
32594,HappyMoby,ca,false,6.31,images/profiles/Bez32594.png,,,- информация ещё не была добавлена -
22137,Turtl123,world,false,0.22,images/profiles/Bez22137.png,,,- информация ещё не была добавлена -
18863,Koish,world,false,0.22,images/profiles/Bez18863.png,,,- информация ещё не была добавлена -
16649,JustXSoos,world,false,0.22,images/profiles/Bez16649.png,,,- информация ещё не была добавлена -
23449, Hypno,world,false,0.22,images/profiles/Bez23449.png,,,- информация ещё не была добавлена -
14787,DaPrimeAtce,world,false,0.22,images/profiles/Bez14787.png,,,- информация ещё не была добавлена -
15137,Snowr33de,world,false,3.24,images/profiles/Bez15137.png,,,- информация ещё не была добавлена -
16652,Lingher,world,false,0.22,images/profiles/Bez16652.png,,,- информация ещё не была добавлена -
15581,MCres,world,false,0.21,images/profiles/Bez15581.png,,,- информация ещё не была добавлена -
15582,AlrexX,world,false,0.21,images/profiles/Bez15582.png,,,- информация ещё не была добавлена -
30905,cobblestone,world,false,137.76,images/profiles/Bez30905.png,,,- информация ещё не была добавлена -
16257,HequinoX,fr,false,0.21,images/profiles/Bez16257.png,,,- информация ещё не была добавлена -
21539,ElKyrdisi16,world,false,0.21,images/profiles/Bez21539.png,,,- информация ещё не была добавлена -
18859, zoidylol,world,false,0.21,images/profiles/Bez18859.png,,,- информация ещё не была добавлена -
14784,Rynoxious,world,false,0.47,images/profiles/Bez14784.png,,,- информация ещё не была добавлена -
14782,nainteils,world,false,0.20,images/profiles/Bez14782.png,,,- информация ещё не была добавлена -
16176,Zest,world,false,1.87,images/profiles/Bez16176.png,,,- информация ещё не была добавлена -
14783,retrograade,world,false,0.20,images/profiles/Bez14783.png,,,- информация ещё не была добавлена -
19378,stcubing,world,false,0.20,images/profiles/Bez19378.png,,,- информация ещё не была добавлена -
27253,Blogde,world,false,0.20,images/profiles/Bez27253.png,,,- информация ещё не была добавлена -
15479,blazer2,world,false,3.67,images/profiles/Bez15479.png,,,- информация ещё не была добавлена -
24610,IgongDae,world,false,0.20,images/profiles/Bez24610.png,,,- информация ещё не была добавлена -
31364,RTwoSix,world,false,0.20,images/profiles/Bez31364.png,,,- информация ещё не была добавлена -
14700,Imjum,world,false,0.43,images/profiles/Bez14700.png,,,- информация ещё не была добавлена -
16590,Tizetre,fr,false,135.07,images/profiles/Bez16590.png,,,- информация ещё не была добавлена -
31360,will1,world,false,0.19,images/profiles/Bez31360.png,,,- информация ещё не была добавлена -
18888,whitrout,world,false,0.19,images/profiles/Bez18888.png,,,- информация ещё не была добавлена -
14785,Meroo,world,false,0.19,images/profiles/Bez14785.png,,,- информация ещё не была добавлена -
18781,OliXor,world,false,0.19,images/profiles/Bez18781.png,,,- информация ещё не была добавлена -
36686,harrisongamez,world,false,0.19,images/profiles/Bez36686.png,,,- информация ещё не была добавлена -
31829,Lucas Ortuno Sanchez,world,false,0.18,images/profiles/Bez31829.png,,,- информация ещё не была добавлена -
14381,krisking,world,false,0.18,images/profiles/Bez14381.png,,,- информация ещё не была добавлена -
13879,Dashiell10,world,false,0.18,images/profiles/Bez13879.png,,,- информация ещё не была добавлена -
4766,Deevses,world,false,1.31,images/profiles/Bez4766.png,,,- информация ещё не была добавлена -
14791,Lucy,world,false,0.18,images/profiles/Bez14791.png,,,- информация ещё не была добавлена -
14788,Whlt,world,false,0.18,images/profiles/Bez14788.png,,,- информация ещё не была добавлена -
21538,Zeniux,world,false,0.17,images/profiles/Bez21538.png,,,- информация ещё не была добавлена -
13785,STORrm,world,false,4.37,images/profiles/Bez13785.png,,,- информация ещё не была добавлена -
5595,BurgerR,ru,false,1451.75,images/profiles/Bez5595.png,,,- информация ещё не была добавлена -
13881,Lcultist,world,false,0.17,images/profiles/Bez13881.png,,,- информация ещё не была добавлена -
34663,MrPoopyBurger,world,false,0.17,images/profiles/Bez34663.png,,,- информация ещё не была добавлена -
15593,robotchief,us,false,20.55,images/profiles/Bez15593.png,,,- информация ещё не была добавлена -
30903,Reffman,us,false,0.17,images/profiles/Bez30903.png,,,- информация ещё не была добавлена -
30644,vit12,world,false,0.17,images/profiles/Bez30644.png,,,- информация ещё не была добавлена -
30901,siliciumcat,world,false,0.16,images/profiles/Bez30901.png,,,- информация ещё не была добавлена -
30902,V1N,world,false,0.16,images/profiles/Bez30902.png,,,- информация ещё не была добавлена -
18759,maddy,world,false,0.16,images/profiles/Bez18759.png,,,- информация ещё не была добавлена -
25775,ox1y1gen,world,false,0.16,images/profiles/Bez25775.png,,,- информация ещё не была добавлена -
37817,sparkk,world,false,0.24,images/profiles/Bez37817.png,,,- информация ещё не была добавлена -
6049,vkrz,world,false,32.34,images/profiles/Bez6049.png,,,- информация ещё не была добавлена -
13882,EliaSoverini,world,false,0.16,images/profiles/Bez13882.png,,,- информация ещё не была добавлена -
13883,adoraaa,world,false,0.16,images/profiles/Bez13883.png,,,- информация ещё не была добавлена -
18782,WOOGI1411,world,false,0.16,images/profiles/Bez18782.png,,,- информация ещё не была добавлена -
19353,IceRodGD,world,false,0.15,images/profiles/Bez19353.png,,,- информация ещё не была добавлена -
38853,GoldSource,world,false,0.15,images/profiles/Bez38853.png,,,- информация ещё не была добавлена -
15697,SoulsTRK,es,false,2.46,images/profiles/Bez15697.png,,,- информация ещё не была добавлена -
31830,truongwf,world,false,0.15,images/profiles/Bez31830.png,,,- информация ещё не была добавлена -
48003,CelestialCat,world,false,0.15,images/profiles/Bez48003.png,,,- информация ещё не была добавлена -
14630,MythicalTG,world,false,0.81,images/profiles/Bez14630.png,,,- информация ещё не была добавлена -
9744,TheRealSter3o,ru,false,7.75,images/profiles/Bez9744.png,,,- информация ещё не была добавлена -
14377,FullThrottle,world,false,0.15,images/profiles/Bez14377.png,,,- информация ещё не была добавлена -
31359,Medaides,world,false,0.14,images/profiles/Bez31359.png,,,- информация ещё не была добавлена -
19709,criko,world,false,0.14,images/profiles/Bez19709.png,,,- информация ещё не была добавлена -
16508,Brandon Larkin,gb,false,34.66,images/profiles/Bez16508.png,,,- информация ещё не была добавлена -
14520,TRSouLess,us,false,523.66,images/profiles/Bez14520.png,,,- информация ещё не была добавлена -
14089,Kainite,kr,false,43.40,images/profiles/Bez14089.png,,,- информация ещё не была добавлена -
14378,PhantomX,world,false,0.14,images/profiles/Bez14378.png,,,- информация ещё не была добавлена -
25072,darcii,world,false,0.14,images/profiles/Bez25072.png,,,- информация ещё не была добавлена -
14326,JonathanGD,world,false,5.14,images/profiles/Bez14326.png,,,- информация ещё не была добавлена -
24608,Hael9,world,false,0.13,images/profiles/Bez24608.png,,,- информация ещё не была добавлена -
25070,smarted,world,false,0.13,images/profiles/Bez25070.png,,,- информация ещё не была добавлена -
44920,Rodrigzz,world,false,0.13,images/profiles/Bez44920.png,,,- информация ещё не была добавлена -
47776,Fawxu,world,false,0.13,images/profiles/Bez47776.png,,,- информация ещё не была добавлена -
35354,Ways,world,false,0.13,images/profiles/Bez35354.png,,,- информация ещё не была добавлена -
27252, EthanDash,world,false,0.13,images/profiles/Bez27252.png,,,- информация ещё не была добавлена -
6749,kwezy,by,false,28.24,images/profiles/Bez6749.png,,,- информация ещё не была добавлена -
19344,TallSoap,world,false,0.13,images/profiles/Bez19344.png,,,- информация ещё не была добавлена -
42850,airless,world,false,0.12,images/profiles/Bez42850.png,,,- информация ещё не была добавлена -
14546,Nicor77,de,false,447.01,images/profiles/Bez14546.png,,,- информация ещё не была добавлена -
16971,Sera223,ru,false,399.42,images/profiles/Bez16971.png,,,- информация ещё не была добавлена -
3685,luminovsky,ru,false,97.63,images/profiles/Bez3685.png,,,- информация ещё не была добавлена -
14382,Aespha,world,false,0.12,images/profiles/Bez14382.png,,,- информация ещё не была добавлена -
14958,Multiverse55,world,false,1.01,images/profiles/Bez14958.png,,,- информация ещё не была добавлена -
15693,Easterbuny,world,false,2.83,images/profiles/Bez15693.png,,,- информация ещё не была добавлена -
28488,Anglified,world,false,0.11,images/profiles/Bez28488.png,,,- информация ещё не была добавлена -
36182,Ngxi,world,false,0.12,images/profiles/Bez36182.png,,,- информация ещё не была добавлена -
18886,ThisIsGDNick,world,false,0.11,images/profiles/Bez18886.png,,,- информация ещё не была добавлена -
16204,LuichoX,world,false,0.16,images/profiles/Bez16204.png,,,- информация ещё не была добавлена -
20934,sparktwo,world,false,0.11,images/profiles/Bez20934.png,,,- информация ещё не была добавлена -
16647,Espii,world,false,0.11,images/profiles/Bez16647.png,,,- информация ещё не была добавлена -
6704,DimanDash,world,false,40.93,images/profiles/Bez6704.png,,,- информация ещё не была добавлена -
38032,zyphur,world,false,0.11,images/profiles/Bez38032.png,,,- информация ещё не была добавлена -
14380,We4therMan,world,false,0.11,images/profiles/Bez14380.png,,,- информация ещё не была добавлена -
14383,LittleBigKilla,world,false,0.11,images/profiles/Bez14383.png,,,- информация ещё не была добавлена -
15011,IIDustikII,world,false,0.52,images/profiles/Bez15011.png,,,- информация ещё не была добавлена -
29556,Alo,world,false,0.11,images/profiles/Bez29556.png,,,- информация ещё не была добавлена -
14384,Ballcat,world,false,0.11,images/profiles/Bez14384.png,,,- информация ещё не была добавлена -
29555,Kz04,world,false,0.10,images/profiles/Bez29555.png,,,- информация ещё не была добавлена -
14385,Kohtpojiep,world,false,0.10,images/profiles/Bez14385.png,,,- информация ещё не была добавлена -
47170,Duv,world,false,1952.70,images/profiles/Bez47170.png,,,- информация ещё не была добавлена -
14386,dongchi,world,false,0.10,images/profiles/Bez14386.png,,,- информация ещё не была добавлена -
16515,MasterOfDonkeys,world,false,4.33,images/profiles/Bez16515.png,,,- информация ещё не была добавлена -
38855,CYRNO,world,false,0.10,images/profiles/Bez38855.png,,,- информация ещё не была добавлена -
15539,xTetra,au,false,4.10,images/profiles/Bez15539.png,,,- информация ещё не была добавлена -
14272,Tai0,ro,false,41.79,images/profiles/Bez14272.png,,,- информация ещё не была добавлена -
18785,mrperson,world,false,0.09,images/profiles/Bez18785.png,,,- информация ещё не была добавлена -
18804,CatGeo,world,false,0.09,images/profiles/Bez18804.png,,,- информация ещё не была добавлена -
13738,Almier,world,false,40.49,images/profiles/Bez13738.png,,,- информация ещё не была добавлена -
14471,Улыбочку [GD],ru,false,684.49,images/profiles/Bez14471.png,,,- информация ещё не была добавлена -
16087,WhiteEmerald,world,false,18.39,images/profiles/Bez16087.png,,,- информация ещё не была добавлена -
14789,JacobyWang,world,false,0.09,images/profiles/Bez14789.png,,,- информация ещё не была добавлена -
16646,DShifter,world,false,0.09,images/profiles/Bez16646.png,,,- информация ещё не была добавлена -
35704,wokecat,world,false,0.08,images/profiles/Bez35704.png,,,- информация ещё не была добавлена -
38030,xenbez7,world,false,0.09,images/profiles/Bez38030.png,,,- информация ещё не была добавлена -
19377,eKaLass1e,world,false,0.08,images/profiles/Bez19377.png,,,- информация ещё не была добавлена -
14388,Surjaco,world,false,0.08,images/profiles/Bez14388.png,,,- информация ещё не была добавлена -
18834,devastation19,world,false,0.07,images/profiles/Bez18834.png,,,- информация ещё не была добавлена -
14389,neigefeu,world,false,0.07,images/profiles/Bez14389.png,,,- информация ещё не была добавлена -
18773,LiquidoxGMD,world,false,0.07,images/profiles/Bez18773.png,,,- информация ещё не была добавлена -
14390,Janucha,world,false,0.07,images/profiles/Bez14390.png,,,- информация ещё не была добавлена -
14391,SirPotato32,world,false,0.07,images/profiles/Bez14391.png,,,- информация ещё не была добавлена -
25069,YraX,world,false,0.07,images/profiles/Bez25069.png,,,- информация ещё не была добавлена -
14392,Eggnog,world,false,0.07,images/profiles/Bez14392.png,,,- информация ещё не была добавлена -
14393,JAVP,world,false,0.07,images/profiles/Bez14393.png,,,- информация ещё не была добавлена -
14394,Sminx,world,false,0.07,images/profiles/Bez14394.png,,,- информация ещё не была добавлена -
14395,Drakosa,world,false,0.07,images/profiles/Bez14395.png,,,- информация ещё не была добавлена -
13750,D3lteX,ca,false,45.56,images/profiles/Bez13750.png,,,- информация ещё не была добавлена -
16340,Drewch,world,false,0.06,images/profiles/Bez16340.png,,,- информация ещё не была добавлена -
16341,gmdman,world,false,0.06,images/profiles/Bez16341.png,,,- информация ещё не была добавлена -
16342,Versus,world,false,0.06,images/profiles/Bez16342.png,,,- информация ещё не была добавлена -
16343,Pennutoh,world,false,0.06,images/profiles/Bez16343.png,,,- информация ещё не была добавлена -
6831,Ayrelia,ru,false,0.78,images/profiles/Bez6831.png,,,- информация ещё не была добавлена -
6349,LaeNs,world,false,97.82,images/profiles/Bez6349.png,,,- информация ещё не была добавлена -
2796,Xirious,ru,false,1.70,images/profiles/Bez2796.png,,,- информация ещё не была добавлена -
15445,Angelbaton,kr,false,1.25,images/profiles/Bez15445.png,,,- информация ещё не была добавлена -
1987,Vizitek,world,false,0.05,images/profiles/Bez1987.png,,,- информация ещё не была добавлена -
16345,Novaach,world,false,0.05,images/profiles/Bez16345.png,,,- информация ещё не была добавлена -
35702,jemmathecube,world,false,0.05,images/profiles/Bez35702.png,,,- информация ещё не была добавлена -
16164,souly,world,false,0.77,images/profiles/Bez16164.png,,,- информация ещё не была добавлена -
6556,Pesca,ru,false,3.63,images/profiles/Bez6556.png,,,- информация ещё не была добавлена -
14408,SimilarAMZ,world,false,0.29,images/profiles/Bez14408.png,,,- информация ещё не была добавлена -
15847,DiscJoker,world,false,1.20,images/profiles/Bez15847.png,,,- информация ещё не была добавлена -
16381,GaidenHertuny,world,false,0.55,images/profiles/Bez16381.png,,,- информация ещё не была добавлена -
16490,zNickname,world,false,0.05,images/profiles/Bez16490.png,,,- информация ещё не была добавлена -
